MTW06P Method of Travel to Work (6 travel modes),Public Transport,Vehicle,Active Transport,Other Mode,Worked at home or Did not go to work,Not applicable,Mode not stated,Total
2000,5224,1694,6415,129,1455,11037,205,26166
2006,131,111,114,5,195,664,23,1243
2007,1238,560,1373,27,448,4772,47,8466
2008,2226,826,1558,40,637,5961,60,11305
2009,1818,1881,3077,40,903,3823,76,11625
2010,5976,3172,6253,109,1660,9080,124,26380
2011,4527,2318,3575,496,1220,8175,100,20411
2015,2695,2264,921,44,714,2133,39,8814
2016,3055,1754,1795,61,767,4814,63,12301
2017,5118,4223,1599,82,1215,10523,105,22864
2018,2402,4228,512,49,799,6366,72,14433
2019,979,3774,217,39,590,2960,44,8608
2020,3138,3496,655,55,798,4608,72,12814
2021,2950,2950,1819,51,1238,4233,68,13313
2022,2868,1961,785,47,833,4100,71,10670
2023,1501,2720,344,34,808,3313,58,8774
2024,1741,2581,479,26,828,3347,37,9043
2025,1355,1468,378,31,559,2495,31,6313
2026,6760,7960,1520,116,2171,9116,173,27818
2027,1467,1581,387,38,592,3182,38,7292
2028,976,926,236,20,360,1576,18,4111
2029,1430,2604,248,33,685,3114,49,8168
2030,1178,3970,232,77,1075,4508,52,11090
2031,6068,8092,2367,125,2421,10023,120,29220
2032,2127,2860,784,29,758,8192,58,14798
2033,1963,2412,576,32,655,4441,33,10112
2034,3568,5468,835,75,1463,5939,104,17455
2035,4067,9163,712,102,2021,12596,128,28794
2036,2376,8654,504,63,1499,12047,147,25285
2037,2883,2602,1834,43,1099,6041,61,14566
2038,1669,2287,585,36,740,2531,50,7887
2039,1753,2155,448,20,647,2155,33,7216
2040,3612,5497,887,78,1626,5989,89,17778
2041,2944,3391,644,63,1289,4574,47,12950
2042,5340,2999,1893,69,1442,5356,99,17200
2043,2508,1552,722,19,591,1708,23,7125
2044,1853,1789,339,24,474,2138,49,6670
2045,686,1694,151,17,472,2203,28,5255
2046,3046,8163,412,81,1816,8425,88,22031
2047,1896,3290,277,33,793,3715,44,10040
2048,1981,1599,447,34,571,2169,32,6826
2049,2733,2300,494,29,802,3347,39,9740
2050,2068,1635,949,34,608,2964,40,8285
2052,251,86,245,3,289,2497,44,3411
2060,3609,2237,1436,60,982,4195,46,12565
2061,1612,880,440,30,469,2053,25,5501
2062,1250,1787,388,27,552,1707,23,5724
2063,750,1459,136,10,503,2039,23,4921
2064,2430,1658,314,34,600,2639,28,7696
2065,7432,5963,2127,106,2237,7774,98,25732
2066,5086,8509,825,75,2179,8775,85,25536
2067,4892,4163,1679,64,1462,9718,91,22077
2068,2285,4009,390,47,1246,4867,54,12901
2069,2003,3336,245,41,1078,4445,37,11182
2070,1988,2953,209,29,1048,4426,25,10685
2071,1925,3021,144,35,958,4868,45,10990
2072,1314,1531,116,9,559,2720,24,6279
2073,2111,4209,189,43,1311,4824,35,12722
2074,2796,5051,278,47,1797,7908,70,17946
2075,2165,5543,208,52,1543,6615,54,16175
2076,3226,5804,406,64,1849,8337,62,19746
2077,7035,8406,1033,75,2360,11354,125,30384
2079,930,2280,66,4,568,1751,21,5628
2080,190,534,12,3,125,467,8,1344
2081,692,1649,50,9,454,1331,19,4201
2082,553,1692,61,13,461,1355,16,4155
2083,154,439,28,14,131,526,3,1302
2084,160,1221,61,8,322,1121,12,2914
2085,720,3596,112,21,862,3972,49,9341
2086,1050,4352,161,34,1071,3559,40,10264
2087,1090,3633,166,28,922,3959,51,9845
2088,4510,6265,755,97,2278,9463,98,23463
2089,2827,2654,782,50,827,3225,53,10416
2090,2974,3243,528,46,1057,3836,41,11722
2092,783,1913,104,17,604,1873,31,5334
2093,2858,6027,588,68,1932,6017,85,17585
2094,1054,1484,252,18,469,1510,30,4816
2095,3691,3072,879,47,1225,4830,68,13807
2096,1839,4721,418,34,1210,3510,52,11785
2097,1266,5398,197,30,1182,4266,62,12409
2099,4097,13155,998,110,2644,11352,188,32546
2100,1814,6716,554,59,1530,5741,105,16521
2101,1162,6793,296,43,1480,5997,65,15832
2102,361,2664,118,14,560,2029,39,5791
2103,545,3484,264,27,920,3496,46,8774
2104,137,963,26,4,297,1695,7,3136
2105,117,501,22,38,194,665,17,1558
2106,489,3336,143,40,886,2622,46,7554
2107,571,4899,286,45,1476,4388,69,11739
2108,67,458,32,11,179,718,10,1483
2109,422,321,260,0,216,1666,17,2903
2110,808,2734,147,18,716,3874,35,8333
2111,1686,4394,239,35,963,4455,55,11831
2112,3916,9816,501,71,1840,10848,121,27119
2113,2508,4809,682,46,1097,6026,55,15222
2114,4477,6268,425,47,1361,7423,80,20085
2115,863,3242,79,44,564,3719,45,8557
2116,578,2089,52,14,331,2256,27,5345
2117,1684,6551,147,45,1125,7661,69,17276
2118,2456,6917,208,43,1312,8742,92,19769
2119,1553,3020,106,27,925,3764,33,9419
2120,2825,5409,279,38,1472,6111,71,16204
2121,4726,6724,311,48,1675,9724,77,23288
2122,4251,7363,676,65,1674,12451,124,26613
2123,0,0,0,0,0,0,0,0
2125,1861,5057,86,30,1255,5022,46,13351
2126,2325,5514,113,44,1316,5989,46,15340
2127,1969,4822,297,57,776,4108,46,12073
2128,172,770,48,8,87,2572,16,3677
2129,0,4,0,0,0,0,0,4
2130,1919,1495,253,15,471,2007,23,6183
2131,5684,4476,646,66,1265,8673,94,20899
2132,1678,2353,269,21,652,3840,55,8860
2133,1244,3301,125,32,606,3649,56,9003
2134,3421,2375,544,20,738,7281,86,14466
2135,5284,5492,447,66,1247,9383,148,22066
2136,1006,2101,63,17,367,2517,51,6119
2137,3410,7744,408,102,1601,8655,110,22027
2138,3879,4358,564,47,978,7174,82,17098
2139,0,6,5,0,0,44,0,55
2140,3573,3419,372,72,668,5542,79,13717
2141,4452,6834,349,57,1063,11298,140,24195
2142,3263,6050,381,47,838,10280,167,21022
2143,889,2276,64,18,283,3567,55,7153
2144,4447,7772,454,85,1077,16049,245,30126
2145,9377,20955,967,177,3421,26990,350,62235
2146,2051,5153,127,29,790,5680,75,13901
2147,3351,11344,232,65,1788,12280,165,29220
2148,6042,18831,548,127,2563,21750,324,50185
2150,6949,5620,1515,60,1195,10817,130,26289
2151,2168,5957,518,41,1122,7463,70,17342
2152,1033,3561,178,20,604,3680,31,9095
2153,5366,18598,408,126,3612,16325,175,44615
2154,3423,12658,360,75,2635,12611,124,31880
2155,4368,20362,284,119,3588,12264,157,41152
2156,542,4666,109,25,1120,4006,54,10519
2157,98,1318,54,4,371,1122,24,3000
2158,444,2933,86,20,710,2787,40,7013
2159,187,1680,73,23,484,1552,30,4034
2160,2951,9005,309,114,1224,14675,203,28474
2161,1997,7265,132,61,940,13441,181,24006
2162,1111,4670,124,48,541,7930,88,14507
2163,462,1840,43,19,223,5074,58,7727
2164,872,5473,130,35,667,8477,104,15765
2165,2315,9392,274,68,1004,20752,197,34008
2166,3370,12810,624,92,1293,24397,310,42908
2167,1421,2472,47,12,401,3164,25,7539
2168,1885,11781,134,65,1285,18282,277,33705
2170,6238,28890,1140,180,3711,41491,508,82160
2171,1782,12820,112,50,1502,9594,146,26012
2172,306,1004,17,6,198,626,10,2160
2173,1588,4978,289,52,821,3281,64,11070
2174,209,712,0,3,108,608,10,1657
2175,38,617,25,8,127,691,15,1522
2176,2418,15016,170,93,1731,19645,201,39277
2177,849,4754,43,17,488,6684,48,12883
2178,84,1448,34,16,356,1503,44,3477
2179,266,1900,78,21,434,2520,66,5285
2190,1113,6350,159,58,799,10770,167,19412
2191,476,1933,36,17,272,2291,36,5053
2192,1334,3132,147,38,509,5239,63,10462
2193,2532,4004,208,38,811,5080,70,12745
2194,3904,5530,465,63,909,9807,117,20799
2195,2612,5379,297,71,770,11116,156,20406
2196,2245,7975,227,91,1025,12950,204,24715
2197,401,2457,55,17,295,3713,59,7002
2198,356,2702,48,17,373,3505,44,7042
2199,1078,4553,93,43,627,7567,83,14031
2200,3179,10560,504,100,1322,18050,204,33912
2203,2868,3303,333,39,898,4069,45,11550
2204,5607,5508,1059,72,1551,8829,105,22731
2205,4718,4021,304,52,877,6759,101,16838
2206,2069,5367,201,44,964,7094,95,15834
2207,3159,7503,325,82,1417,10713,129,23325
2208,1369,3319,116,22,624,4680,61,10206
2209,2047,3923,144,29,695,6154,57,13045
2210,3212,7927,224,50,1581,12189,140,25321
2211,1857,4818,106,42,823,6260,65,13982
2212,1744,4475,152,21,711,5667,50,12818
2213,2084,6736,151,45,1192,7090,79,17375
2214,199,1436,27,5,222,1253,13,3151
2216,5201,6845,454,85,1309,9961,172,24019
2217,4195,6691,860,49,1387,9011,120,22318
2218,2980,4008,264,37,801,5609,73,13770
2219,981,4273,110,22,738,4795,64,10987
2220,5974,6431,816,64,1394,13025,163,27866
2221,1538,4938,125,39,935,5795,58,13424
2222,2298,3126,155,23,668,4343,61,10679
2223,3336,5505,268,48,1357,6542,60,17113
2224,790,4598,107,31,870,5182,60,11634
2225,590,1708,21,10,433,1339,10,4111
2226,1751,3450,118,26,922,3483,31,9780
2227,1369,4937,180,30,1060,4085,48,11713
2228,1445,5675,440,39,1154,6184,75,15015
2229,1979,9669,395,79,2071,8913,118,23229
2230,2517,10270,675,62,2224,8599,143,24488
2231,60,860,27,3,134,594,16,1696
2232,3872,10203,393,66,2308,9682,120,26643
2233,2327,10244,282,50,2199,7898,87,23082
2234,2458,11984,189,62,2215,7926,95,24935
2250,3711,20608,814,126,4806,24625,254,54935
2251,1177,10537,200,61,2598,11878,144,26594
2256,1354,3352,169,26,985,7302,82,13267
2257,2026,7090,260,61,1996,12613,145,24186
2258,193,1905,44,16,415,1555,22,4148
2259,1386,18850,400,117,3700,22854,247,47546
2260,754,8335,183,55,1982,7434,97,18847
2261,1167,17355,407,95,3342,20505,238,43104
2262,274,6545,90,48,1140,8410,104,16614
2263,389,6654,184,46,1272,11528,146,20222
2264,238,4138,76,32,863,6491,58,11888
2265,75,1745,64,12,379,2506,29,4816
2267,22,830,27,5,177,1291,8,2364
2278,10,1092,8,5,142,777,11,2057
2280,222,9246,206,41,1854,10232,62,21862
2281,117,4516,105,16,922,6299,57,12037
2282,100,5438,111,20,1098,5270,41,12075
2283,283,7282,154,46,1463,10161,97,19482
2284,105,3604,91,11,634,4262,48,8754
2285,313,11784,201,39,1943,9742,101,24134
2286,19,1452,22,6,220,1385,10,3106
2287,460,13093,306,52,2221,12995,118,29245
2289,315,7238,295,42,1382,5992,77,15343
2290,355,12016,385,62,2294,11911,100,27120
2291,151,5345,461,26,1060,3970,49,11062
2292,66,942,96,5,180,737,12,2027
2293,70,976,161,7,191,782,6,2193
2294,32,747,91,5,123,642,9,1653
2295,174,1890,115,7,357,3357,22,5925
2296,95,675,96,9,145,579,9,1601
2297,34,539,91,7,116,575,13,1365
2298,187,3139,223,20,665,3828,38,8099
2299,223,3589,208,12,721,4398,41,9188
2300,313,3747,933,29,819,3666,29,9546
2302,26,175,46,0,32,260,5,543
2303,280,2847,393,10,685,3522,30,7772
2304,339,5218,359,33,982,5894,64,12887
2305,239,4480,270,28,1001,3935,51,10007
2306,46,585,22,0,72,1882,18,2624
2307,50,1311,29,4,221,1635,11,3265
2308,22,173,75,5,180,864,7,1327
2311,0,248,25,0,85,335,5,699
2312,4,397,13,3,102,636,10,1170
2314,4,56,50,0,9,87,3,204
2315,92,4098,228,27,1001,7001,49,12494
2316,42,1871,82,15,385,2464,22,4889
2317,45,1686,68,16,395,3043,31,5273
2318,92,4229,119,25,947,4043,75,9541
2319,42,1737,46,12,403,3218,38,5498
2320,285,12320,353,66,2356,11372,117,26872
2321,95,5468,95,27,1119,4497,54,11353
2322,193,6659,133,41,1181,6319,65,14585
2323,243,9023,195,40,1615,9314,96,20523
2324,112,7040,257,33,1329,10579,78,19437
2325,106,8099,236,35,1835,12390,142,22845
2326,30,2265,37,11,410,3037,34,5832
2327,29,2340,55,12,395,3363,37,6241
2328,4,785,66,5,229,836,23,1948
2329,0,546,89,14,197,814,22,1688
2330,62,7466,210,52,1455,6625,80,15954
2331,0,30,168,83,25,3,7,318
2333,38,4492,145,20,800,4948,58,10499
2334,12,977,17,9,166,915,35,2119
2335,15,2260,44,5,601,1749,29,4709
2336,6,881,41,7,223,884,17,2058
2337,22,2734,187,37,648,2562,47,6238
2338,5,389,47,5,110,623,9,1192
2339,4,171,23,7,86,260,4,545
2340,186,17451,764,115,2975,17126,228,38848
2341,4,358,23,3,71,841,7,1305
2342,0,150,10,4,62,136,10,377
2343,9,1388,142,11,471,1960,35,4031
2344,0,270,16,5,104,213,6,607
2345,3,269,14,0,62,233,12,594
2346,6,777,78,3,206,1501,15,2590
2347,0,372,75,4,167,967,17,1613
2350,125,8220,674,75,1790,9600,105,20582
2351,4,86,19,0,64,793,0,972
2352,9,1007,25,5,189,884,17,2131
2353,0,355,14,0,64,490,7,931
2354,12,983,110,33,469,1298,36,2939
2355,5,181,14,5,66,289,3,563
2356,0,22,6,0,8,84,0,130
2357,11,1006,108,15,321,1933,20,3420
2358,7,1162,98,7,305,1490,20,3099
2359,3,156,12,0,72,350,9,605
2360,38,4324,208,33,924,5936,127,11591
2361,4,161,26,7,93,441,6,746
2365,8,1112,74,19,378,1357,21,2972
2369,6,185,10,0,42,491,10,751
2370,28,1991,188,18,556,3476,57,6314
2371,0,212,41,3,101,651,14,1020
2372,11,1166,107,32,417,2230,34,3994
2379,0,76,19,3,71,87,0,256
2380,120,3462,174,23,691,3654,60,8199
2381,4,353,32,4,131,442,5,968
2382,19,360,42,9,113,528,0,1065
2386,0,87,17,4,56,114,0,276
2387,0,60,9,0,32,56,0,162
2388,5,739,91,6,203,996,19,2054
2390,69,2957,174,19,683,2973,55,6935
2395,0,107,15,4,40,425,5,599
2396,0,198,24,0,49,425,9,712
2397,0,93,10,9,55,116,0,291
2398,0,66,14,0,46,59,0,189
2399,0,197,17,8,45,199,0,471
2400,17,3369,238,32,608,3612,63,7926
2401,0,113,13,0,40,89,0,248
2402,3,455,40,8,137,802,10,1461
2403,0,178,15,3,91,268,0,558
2404,0,389,63,13,171,928,3,1576
2405,0,135,23,6,83,140,6,406
2408,0,100,21,3,58,97,3,290
2409,3,186,24,0,53,486,3,764
2410,0,58,18,0,39,99,0,224
2411,0,45,6,0,10,25,0,92
2415,4,118,3,0,36,158,0,317
2420,12,1130,68,14,333,1774,21,3344
2421,10,661,39,6,173,544,19,1451
2422,19,1305,113,22,431,2559,40,4481
2423,4,707,67,3,261,1502,14,2565
2424,0,90,3,0,40,203,6,345
2425,10,536,31,0,157,700,9,1443
2426,0,179,10,6,50,344,3,594
2427,6,577,43,4,138,2039,17,2815
2428,67,5430,403,46,1304,13376,130,20760
2429,37,2613,105,19,754,4516,60,8112
2430,105,8916,403,67,1920,16512,168,28090
2431,11,1138,94,6,299,2863,41,4451
2439,4,786,26,12,192,1404,9,2435
2440,41,5488,271,45,1200,10620,162,17828
2441,10,1172,76,17,342,1951,37,3601
2443,22,1801,142,18,462,5395,43,7887
2444,212,14168,682,112,2668,20599,152,38591
2445,22,2020,55,10,420,2806,32,5349
2446,31,4060,147,27,861,5514,78,10721
2447,26,1863,99,22,493,3359,40,5895
2448,27,2051,94,22,473,4977,45,7695
2449,9,488,35,0,166,1069,11,1774
2450,165,13970,727,110,2826,17892,195,35891
2452,49,4824,198,35,826,6289,65,12291
2453,5,619,104,9,317,1276,21,2350
2454,18,2045,170,19,688,3074,49,6062
2455,10,808,46,8,184,1535,19,2613
2456,53,4748,167,36,833,6138,66,12042
2460,81,7938,530,53,1692,13550,122,23976
2462,9,621,51,8,174,1200,9,2072
2463,17,1944,119,30,480,3757,35,6382
2464,22,1571,154,25,429,3651,30,5877
2465,0,86,9,0,24,127,0,248
2466,0,249,47,6,70,1155,12,1542
2469,9,807,84,22,327,2183,26,3468
2470,37,4301,233,27,839,6636,82,12155
2471,5,715,33,7,185,1051,23,2014
2472,6,510,34,9,160,783,18,1516
2473,5,812,84,7,171,1541,17,2645
2474,29,1572,118,26,512,2994,52,5293
2475,0,60,11,0,29,210,4,323
2476,9,164,42,11,84,341,6,653
2477,41,3905,152,44,934,4854,51,9978
2478,136,8858,573,62,1948,12068,158,23805
2479,29,1401,119,23,622,1638,26,3858
2480,199,14428,749,115,3053,17858,197,36605
2481,62,3295,516,60,1259,4737,108,10035
2482,26,1559,149,25,587,2747,39,5135
2483,40,3175,162,31,1003,4314,81,8807
2484,73,5247,299,60,1477,8159,140,15457
2485,128,3767,269,51,758,7633,71,12675
2486,217,9662,293,69,1962,14228,151,26580
2487,96,4121,235,53,1052,5359,63,10977
2488,28,1161,75,12,229,1100,5,2602
2489,42,2155,80,13,500,2881,28,5704
2490,4,237,17,0,58,226,0,546
2500,1730,11490,1719,85,2541,17515,143,35227
2502,220,3138,81,22,459,6053,65,10029
2505,99,1403,50,7,238,2356,28,4180
2506,139,2231,34,13,372,3321,60,6164
2508,762,3143,115,14,674,2296,30,7033
2515,706,3526,164,31,950,3438,33,8843
2516,283,2048,101,14,476,1785,13,4718
2517,461,4579,121,17,904,4839,53,10977
2518,575,6095,223,23,1126,7606,100,15751
2519,556,5381,228,33,1046,6725,54,14023
2522,14,27,15,0,36,213,0,299
2525,294,3994,89,16,757,4086,31,9277
2526,329,5646,95,35,993,5546,55,12702
2527,288,8010,120,45,1332,7070,68,16928
2528,306,6827,182,49,1117,11076,103,19661
2529,404,9674,188,58,1717,8514,97,20647
2530,610,11006,149,55,1969,11661,103,25548
2533,195,5146,223,31,1260,6130,52,13038
2534,58,1779,84,8,550,2183,37,4707
2535,50,1978,118,15,617,3521,30,6325
2536,69,4630,238,43,1037,8928,78,15029
2537,39,3288,192,36,754,5809,61,10169
2538,13,585,60,5,206,1134,8,2016
2539,53,4706,231,35,1219,8913,104,15266
2541,118,7212,414,53,1329,11587,114,20823
2545,0,307,22,0,90,475,7,903
2546,17,2000,152,27,658,5064,51,7964
2548,23,2133,155,26,575,3823,31,6769
2549,9,1156,66,14,292,1570,20,3124
2550,51,4680,362,56,1381,6436,86,13050
2551,6,925,83,9,207,1708,27,2967
2555,11,52,3,0,19,87,0,170
2556,65,890,37,14,171,855,18,2047
2557,402,3164,73,27,666,2479,79,6889
2558,704,4320,44,18,595,3115,54,8846
2559,107,411,14,3,61,1487,12,2090
2560,5114,23726,475,126,3571,26898,372,60279
2563,14,93,0,0,20,113,0,239
2564,1237,3347,51,16,435,5590,76,10757
2565,2144,5698,171,23,930,6818,87,15869
2566,2146,8471,150,53,1248,8408,150,20620
2567,1730,15590,205,69,2420,8698,149,28877
2568,31,404,14,0,66,481,5,994
2569,48,487,8,0,109,426,8,1092
2570,1184,15678,249,81,2958,10620,203,30975
2571,306,4671,89,21,1007,2932,84,9106
2572,67,1545,29,12,328,1574,26,3585
2573,115,1703,33,3,313,1767,35,3971
2574,82,2148,43,18,403,1813,22,4530
2575,222,5445,171,45,1125,5434,82,12521
2576,209,3514,224,30,1176,6108,54,11318
2577,147,4916,301,44,1399,5743,68,12621
2578,35,700,42,3,217,1302,16,2316
2579,44,1239,75,11,376,1513,18,3274
2580,158,9884,442,75,1972,11293,150,23981
2581,8,700,48,10,282,596,21,1659
2582,102,4574,205,38,1182,3657,66,9829
2583,4,1264,92,20,499,1761,30,3677
2584,0,170,11,4,50,196,6,432
2585,0,58,6,0,20,85,0,173
2586,6,720,105,23,267,1075,12,2201
2587,10,808,82,15,219,1260,10,2404
2588,0,80,10,0,27,100,0,215
2590,17,1996,165,22,406,3249,31,5889
2594,31,3582,213,38,812,4443,74,9202
2619,53,4621,89,33,643,1758,26,7228
2621,31,2535,81,20,527,1476,43,4710
2622,21,1080,121,19,386,1601,36,3280
2623,7,222,14,0,41,191,0,479
2625,10,28,122,6,40,138,0,344
2626,0,189,4,5,49,150,3,410
2627,114,1761,254,51,504,1070,32,3790
2628,14,647,44,12,226,582,17,1544
2629,4,121,33,8,43,256,0,471
2630,40,2827,267,34,649,3418,54,7282
2631,3,145,16,0,80,227,3,473
2632,3,589,44,11,157,673,20,1500
2633,0,114,11,0,35,168,6,335
2640,166,13508,816,80,2299,12416,114,29401
2641,84,5075,168,26,704,6232,65,12355
2642,15,1607,88,17,525,1419,33,3702
2643,3,832,40,0,174,1204,16,2274
2644,11,685,60,15,258,908,15,1946
2645,0,76,24,3,37,194,5,337
2646,9,2030,127,30,566,2779,50,5597
2647,5,643,40,3,157,964,18,1823
2648,11,568,79,19,210,1114,35,2043
2649,0,10,0,0,0,16,0,23
2650,234,21849,1088,117,3483,18270,255,45297
2651,9,810,247,14,129,533,15,1750
2652,21,1480,130,24,523,1443,38,3652
2653,3,733,56,9,219,1082,23,2120
2655,3,412,24,6,112,504,5,1063
2656,6,317,68,3,134,495,6,1031
2658,0,306,33,3,148,601,14,1112
2659,0,238,46,10,93,305,5,699
2660,0,462,33,10,142,598,10,1254
2661,5,103,149,150,29,130,11,569
2663,12,1356,64,18,280,2536,31,4292
2665,0,485,77,17,295,888,15,1771
2666,21,1653,177,16,460,2233,38,4595
2668,0,74,12,4,42,215,0,353
2669,3,409,52,32,247,543,20,1306
2671,80,1211,102,15,319,1513,37,3284
2672,3,404,59,4,77,676,6,1228
2675,16,535,49,14,133,506,7,1273
2678,0,59,10,0,46,206,10,328
2680,55,9068,353,60,1203,8048,153,18955
2681,0,663,32,4,121,521,16,1356
2700,4,1429,148,18,292,2050,27,3978
2701,9,726,49,10,191,871,17,1866
2702,3,191,9,5,49,347,3,612
2703,0,198,26,0,49,450,6,724
2705,15,3529,212,21,563,3704,69,8116
2706,0,373,32,4,65,436,6,918
2707,0,417,67,7,161,395,3,1053
2710,12,3186,272,32,745,4016,70,8333
2711,11,1011,139,23,301,1254,31,2771
2712,0,344,49,16,115,614,10,1147
2713,0,759,100,3,275,1133,19,2294
2714,8,651,79,8,197,1335,13,2308
2715,0,424,77,14,111,553,7,1189
2716,5,321,44,8,88,438,9,913
2717,0,291,37,5,77,670,10,1091
2720,16,2605,133,11,475,3193,44,6489
2721,0,33,7,0,54,93,0,195
2722,8,1048,74,13,214,1204,23,2583
2725,0,82,3,0,33,176,3,303
2726,3,78,5,0,18,74,10,187
2727,0,100,12,11,50,88,0,266
2729,0,516,32,3,186,593,4,1338
2730,6,428,37,6,82,604,18,1190
2731,10,2050,111,12,493,2557,37,5282
2732,8,497,51,20,151,793,10,1521
2733,13,144,29,9,44,186,3,436
2734,0,150,9,0,58,152,3,374
2735,3,135,6,4,40,178,0,368
2736,0,96,21,0,42,157,6,323
2737,0,266,21,4,50,276,4,627
2738,0,644,19,5,125,458,9,1271
2739,6,468,22,5,104,489,7,1098
2745,1419,12054,167,59,2077,6621,102,22513
2747,2803,14760,327,65,2364,12557,181,33060
2748,64,739,28,9,152,592,11,1592
2749,863,6508,59,26,1072,4459,66,13058
2750,2664,14979,551,76,2494,15315,136,36218
2752,110,2105,19,6,307,1267,21,3846
2753,524,6185,290,57,1149,5689,65,13961
2754,107,2126,41,5,364,1953,26,4620
2755,0,49,68,0,19,95,0,229
2756,905,13643,326,77,2248,9267,186,26652
2757,16,328,0,5,65,271,7,689
2758,211,3417,45,17,715,2582,56,7047
2759,1370,10943,91,59,1347,7024,99,20940
2760,2229,10294,217,49,1274,12041,179,26291
2761,2496,10701,150,43,1225,8875,137,23619
2762,459,1711,31,11,312,1219,11,3756
2763,3263,10626,132,65,1600,7900,129,23727
2765,639,5298,185,36,988,5925,51,13121
2766,1539,4612,91,31,618,5399,87,12376
2767,2655,6511,76,45,854,7586,102,17837
2768,3004,9347,165,73,1581,7795,120,22095
2769,1274,3850,38,27,686,2378,46,8295
2770,3501,14650,312,93,1794,25359,373,46078
2773,462,2005,57,15,479,1821,15,4848
2774,898,4397,98,17,1054,3759,38,10263
2775,31,416,31,13,119,709,3,1317
2776,240,1432,24,4,305,1172,17,3191
2777,936,6015,192,34,1313,5711,46,14244
2778,167,804,12,0,207,807,8,2006
2779,284,1578,40,14,421,1534,12,3874
2780,633,3161,430,54,1220,5784,58,11338
2782,256,1614,47,8,561,2566,20,5074
2783,168,796,33,3,223,899,10,2132
2784,83,375,3,0,103,425,4,993
2785,160,1174,85,7,466,1929,13,3836
2786,39,302,11,7,117,606,3,1087
2787,10,1376,82,11,320,1852,37,3691
2790,118,4363,337,26,960,7299,77,13176
2791,0,95,8,5,33,163,0,300
2792,0,100,9,3,42,160,4,322
2793,0,232,19,6,85,487,8,844
2794,18,3018,203,21,673,4585,55,8574
2795,180,14580,778,84,2934,15422,209,34190
2797,0,132,7,0,50,154,0,346
2798,8,689,50,5,229,576,5,1566
2799,18,1396,67,9,267,1508,29,3301
2800,199,16026,736,84,2931,15196,198,35382
2803,0,70,7,0,37,120,5,243
2804,6,740,55,11,253,1046,24,2136
2805,0,114,3,0,36,158,0,314
2806,0,232,15,6,68,325,10,658
2807,0,81,6,0,44,223,0,359
2808,0,44,4,0,12,106,0,171
2809,0,36,12,0,29,116,6,193
2810,6,790,94,11,333,1361,24,2624
2817,0,75,10,3,71,76,7,238
2818,5,316,6,9,72,253,4,668
2820,17,1616,151,22,395,3798,46,6035
2821,11,1404,107,23,343,1821,33,3735
2822,3,141,6,0,45,156,0,354
2823,3,368,54,9,129,560,8,1141
2824,0,622,55,13,163,868,14,1743
2825,55,698,90,6,158,870,15,1889
2826,0,52,7,0,37,58,0,156
2827,0,1006,116,12,318,1530,20,3005
2828,0,141,34,10,102,367,4,652
2829,8,821,80,17,201,1312,23,2471
2830,158,15412,628,81,2314,12980,185,31765
2831,7,539,51,13,261,594,16,1490
2832,5,574,127,17,156,1042,26,1951
2833,4,127,29,9,41,291,6,506
2834,3,457,62,8,110,1344,12,1995
2835,16,1321,135,19,327,1404,37,3254
2836,0,125,59,8,73,419,7,698
2838,3,44,19,0,16,109,0,187
2839,3,238,95,6,52,629,6,1025
2840,5,674,168,21,151,1030,13,2066
2842,0,141,24,0,68,263,8,502
2843,0,321,66,9,115,509,14,1032
2844,0,291,38,4,121,701,7,1165
2845,17,613,12,5,101,792,6,1543
2846,0,57,8,0,20,144,0,230
2847,9,662,22,4,119,1182,15,2011
2848,0,291,22,0,73,993,11,1390
2849,9,379,37,8,130,718,10,1292
2850,39,5664,334,31,1320,6487,114,13987
2852,4,956,76,8,277,1442,12,2775
2864,0,247,21,3,91,268,13,640
2865,6,270,16,3,76,316,8,697
2866,8,934,75,16,264,1082,9,2384
2867,4,163,20,5,68,204,6,464
2868,0,149,18,9,68,268,8,523
2869,0,300,65,13,126,697,14,1211
2870,50,3717,243,29,800,4649,51,9540
2871,43,2845,197,28,663,3617,51,7446
2873,4,126,22,4,71,234,0,457
2874,4,91,24,5,69,159,5,359
2875,5,230,25,7,110,381,7,779
2876,0,86,15,0,55,161,0,320
2877,21,1083,128,20,265,1459,32,3000
2878,0,79,32,5,42,149,0,312
2879,0,90,29,3,29,367,10,521
2880,63,5471,411,36,1131,8003,101,15216
2898,0,70,103,6,40,99,4,329
3000,6344,1585,6008,87,1873,20712,153,36764
3002,681,886,926,25,483,1637,28,4662
3003,919,742,957,25,365,2078,27,5123
3004,1862,1798,899,38,700,3407,41,8743
3005,67,65,77,6,36,225,4,481
3006,3287,2516,3802,79,1063,7104,58,17904
3008,2074,1406,1428,40,637,4055,59,9700
3010,107,43,247,8,293,887,0,1583
3011,3901,4822,960,43,1314,7642,98,18784
3012,3168,7695,628,55,1502,8663,128,21847
3013,2121,4377,495,41,1074,4006,29,12139
3015,2021,5613,352,42,1232,4499,61,13819
3016,1411,4549,406,46,1162,4998,55,12622
3018,1137,3917,174,33,728,4568,38,10589
3019,680,2382,76,14,293,4011,46,7506
3020,3079,12074,344,80,1586,19590,292,37046
3021,3073,13938,220,119,1688,25282,388,44702
3022,201,900,16,3,122,1294,12,2545
3023,3368,20824,233,146,2814,21006,271,48665
3024,1741,7392,96,54,1214,6803,98,17393
3025,658,3242,112,20,540,5261,67,9897
3026,5,20,3,4,0,44,0,70
3027,863,2022,24,17,379,1557,35,4897
3028,2089,9460,175,76,1482,10615,155,24050
3029,6484,29669,466,240,4576,28531,443,70412
3030,6820,32499,640,234,5467,29761,398,75830
3031,3318,3881,1083,62,1223,5997,65,15618
3032,3794,8978,842,78,1810,9164,109,24775
3033,742,4797,70,36,783,5524,72,12018
3034,581,3534,68,28,530,5048,61,9847
3036,172,2277,34,14,357,2038,31,4927
3037,2971,18000,161,103,2547,15283,219,39289
3038,1272,10445,120,57,1370,9472,158,22894
3039,1929,4073,505,56,988,4387,46,11979
3040,2896,8442,446,60,1884,7833,93,21658
3041,993,4239,181,38,843,3790,47,10133
3042,955,5461,159,35,900,5508,71,13079
3043,756,6117,81,35,796,6875,106,14773
3044,2772,8282,384,68,1554,8946,95,22100
3045,4,14,4,0,6,71,0,97
3046,3249,9299,273,72,1504,13461,170,28018
3047,772,4088,107,48,563,10462,129,16174
3048,505,3989,37,41,448,8830,97,13951
3049,381,3593,44,24,508,3075,48,7674
3050,0,3,0,0,15,74,0,100
3051,1922,1841,1960,53,999,6519,76,13372
3052,786,948,604,19,410,2501,19,5275
3053,1849,1334,2173,33,906,11079,57,17437
3054,1350,1705,1211,26,720,2462,26,7503
3055,2202,3553,848,34,946,4600,58,12250
3056,4870,5041,2434,88,1933,7396,97,21863
3057,2467,2603,1046,42,831,3260,51,10294
3058,4406,8634,1339,82,2117,11425,186,28193
3059,595,6213,33,45,862,4551,107,12407
3060,915,3195,118,46,566,6080,100,11020
3061,150,1068,49,8,143,2599,22,4035
3062,0,0,0,0,0,0,0,0
3063,9,213,0,0,52,186,5,465
3064,3853,23286,229,160,3093,24874,357,55858
3065,1379,1488,1751,26,708,3829,72,9251
3066,1348,1392,1295,33,593,2818,52,7530
3067,1714,1893,900,35,591,2379,35,7551
3068,3035,3865,2117,60,1528,5366,63,16035
3070,4032,5676,1748,58,1862,7058,118,20554
3071,2579,4902,950,37,1340,5701,76,15586
3072,3937,8602,1020,71,1943,11880,142,27592
3073,4578,13612,539,88,2362,20846,233,42255
3074,1101,5321,103,30,678,9785,138,17154
3075,1087,6079,81,34,767,10257,146,18445
3076,1879,10607,157,80,1446,10852,191,25212
3078,1643,3138,597,38,916,3463,40,9835
3079,1736,4727,469,42,1243,5041,44,13306
3081,979,3549,259,27,694,5471,59,11039
3082,1512,11152,143,54,1569,10056,159,24651
3083,2030,9678,232,51,1703,13061,130,26892
3084,2390,7352,498,60,1771,8567,81,20716
3085,1203,4311,328,43,877,4439,40,11246
3086,37,104,47,0,147,550,7,889
3087,741,2939,72,21,574,3000,36,7374
3088,1861,9442,210,42,1984,8169,109,21823
3089,576,4908,90,25,892,2850,47,9388
3090,82,987,11,9,187,589,17,1887
3091,42,638,15,10,117,491,14,1323
3093,197,1337,25,12,291,1382,14,3271
3094,704,3057,96,22,675,2635,36,7226
3095,1678,10261,286,75,2356,7551,92,22293
3096,89,726,14,5,158,628,11,1623
3097,35,490,14,0,147,469,9,1157
3099,243,1815,36,9,451,1348,19,3916
3101,2255,7055,766,82,1936,8467,90,20654
3102,575,1989,127,16,498,2072,19,5293
3103,1206,4182,222,43,1113,6057,73,12896
3104,1436,6158,203,45,1410,7280,76,16601
3105,637,3482,56,25,584,4396,54,9235
3106,874,5443,72,29,1123,6429,51,14033
3107,835,4134,63,31,824,5343,45,11269
3108,1477,5985,251,39,1185,9038,81,18048
3109,1888,8672,156,62,1725,11046,87,23633
3111,665,4034,75,20,881,4526,37,10237
3113,365,3122,88,18,743,2394,21,6751
3114,145,1378,30,9,391,1104,14,3064
3115,109,1581,28,9,352,1037,20,3132
3116,343,3887,45,13,733,3083,27,8126
3121,5870,7343,3307,107,2009,8681,119,27438
3122,3949,5711,1314,60,1808,7548,75,20453
3123,2047,3913,572,41,1039,4383,33,12027
3124,2368,5789,483,39,1734,7762,55,18226
3125,1200,3731,197,34,924,6955,32,13071
3126,776,2083,141,19,652,2948,28,6651
3127,2181,5190,336,39,1488,5765,42,15047
3128,2181,4782,590,33,1201,8216,63,17076
3129,1503,5072,315,42,1108,6177,48,14271
3130,2858,9225,422,69,2153,11406,83,26216
3131,1966,6688,233,33,1395,8147,69,18523
3132,1781,5013,188,31,1118,4942,59,13141
3133,1415,7071,148,47,1424,7978,83,18159
3134,2143,11454,306,52,2243,10348,106,26652
3135,1501,6627,213,19,1401,6333,58,16148
3136,2351,16020,296,68,2993,14293,193,36210
3137,451,5307,109,20,884,4464,69,11304
3138,1011,8480,78,31,1459,6500,69,17632
3139,246,5408,113,33,1095,3915,103,10912
3140,600,6252,130,19,1137,5275,56,13461
3141,5394,5075,2712,98,1732,8269,84,23363
3142,1434,3482,459,43,994,4994,70,11479
3143,1504,2355,268,35,702,2924,24,7815
3144,1192,2890,342,29,774,3721,53,8994
3145,2422,6386,543,58,1620,8190,93,19316
3146,2798,7582,630,54,1972,7358,75,20485
3147,1323,4066,290,30,1024,4936,60,11717
3148,843,2712,87,23,467,3141,33,7298
3149,2619,9981,354,60,2064,12705,123,27908
3150,4003,17796,567,139,3379,24152,207,50246
3151,770,3028,72,37,544,4339,30,8812
3152,1643,11942,241,62,2051,11817,93,27857
3153,1049,7494,190,42,1212,6870,68,16921
3154,156,1713,26,3,333,1302,17,3540
3155,1074,8083,168,34,1391,7559,84,18399
3156,1443,14835,248,67,2507,11393,153,30649
3158,348,2635,50,13,541,1777,22,5378
3159,118,981,12,4,228,760,13,2117
3160,449,3397,101,23,767,2459,39,7226
3161,1669,4467,310,46,1073,5132,46,12758
3162,1537,5411,257,39,1242,5827,76,14390
3163,5009,8684,609,62,2096,10866,108,27428
3165,2003,8937,349,56,1776,8645,84,21850
3166,2657,6882,410,53,1363,8392,76,19832
3167,735,2999,97,20,529,3341,29,7745
3168,1761,4166,673,38,850,10587,41,18125
3169,1709,5928,186,45,809,8324,80,17074
3170,987,6631,100,41,979,7217,83,16031
3171,1369,5645,215,65,655,10163,124,18236
3172,961,8013,167,49,1043,8607,88,18930
3173,1205,9232,103,62,1072,8919,86,20677
3174,2321,11401,183,100,1358,16200,223,31788
3175,2166,15028,374,127,1722,23736,280,43439
3177,344,2995,50,17,313,5294,94,9112
3178,1213,14151,166,83,2236,9492,101,27438
3179,239,2352,31,16,325,1895,23,4880
3180,300,2764,41,10,413,2590,17,6148
3181,4012,4988,1753,59,1365,6343,67,18591
3182,4724,5676,1672,106,1665,7693,93,21623
3183,3085,5138,927,64,1300,4973,80,15569
3184,2186,5130,772,45,1264,3936,63,13395
3185,1849,3496,441,45,930,3703,53,10518
3186,2040,6103,490,79,1919,8498,93,19222
3187,1101,4666,199,45,1193,5556,53,12810
3188,1564,5116,372,51,1447,5869,49,14470
3189,444,1881,106,18,348,2028,35,4844
3190,912,3267,191,20,768,3207,32,8400
3191,990,2909,238,20,772,3463,35,8438
3192,1572,7332,391,60,1473,7374,69,18280
3193,1109,6180,273,55,1590,6633,56,15888
3194,1048,4378,196,35,905,4255,48,10863
3195,2399,12755,427,76,2612,10404,93,28768
3196,1620,8792,197,55,1603,8449,90,20805
3197,513,4330,78,23,831,3810,34,9618
3198,698,5675,118,34,1023,6099,76,13736
3199,1603,18514,576,106,3385,20512,231,44925
3200,182,1368,29,9,211,2864,31,4697
3201,534,8066,119,42,1132,6562,86,16535
3202,158,1002,43,8,188,830,11,2244
3204,3166,9134,596,92,2057,9463,79,24589
3205,1605,2168,1222,41,703,3881,29,9651
3206,1128,2569,575,50,769,3426,37,8553
3207,1850,4670,1103,68,1200,5028,50,13968
3211,35,452,0,0,126,451,4,1077
3212,601,5800,99,38,1077,5656,67,13334
3213,65,1541,41,14,303,1210,36,3203
3214,377,5870,235,39,957,11699,142,19322
3215,562,6907,237,39,1171,8287,83,17274
3216,1441,20048,599,99,4050,19741,177,46154
3217,170,2696,43,13,594,1479,27,5017
3218,502,4699,474,28,1065,4202,75,11051
3219,519,6373,345,31,1137,8119,90,16619
3220,608,5222,951,38,1222,5566,62,13673
3221,6,259,12,0,91,210,3,584
3222,245,4923,105,24,1039,5860,70,12258
3223,105,1679,68,9,488,4127,25,6507
3224,227,5158,64,21,992,4985,36,11487
3225,63,904,86,5,378,2087,14,3544
3226,225,4997,192,39,1085,4658,62,11258
3227,142,1458,83,8,453,1571,24,3730
3228,397,6240,252,37,1639,5183,78,13834
3230,29,774,63,4,263,1008,20,2163
3231,15,383,18,0,141,513,4,1081
3232,8,298,68,9,111,466,3,972
3233,14,508,138,9,236,855,7,1774
3234,0,46,9,0,35,60,0,153
3235,9,123,12,5,58,108,3,307
3236,4,73,9,0,28,95,0,202
3237,3,64,8,5,44,72,0,190
3238,0,63,11,3,37,75,3,189
3239,0,107,14,3,59,169,4,358
3240,22,760,16,6,258,515,9,1593
3241,14,773,39,10,258,1007,17,2123
3242,9,260,19,0,111,270,0,663
3243,6,111,13,0,76,88,3,288
3249,6,1070,64,18,404,992,29,2581
3250,41,4156,331,22,688,4726,77,10036
3251,0,161,12,0,69,187,3,434
3254,0,106,10,6,27,87,0,236
3260,8,1368,157,28,497,1868,37,3952
3264,4,670,57,9,159,963,16,1885
3265,7,827,107,19,368,695,31,2053
3266,11,866,138,16,377,1081,20,2498
3267,0,67,6,5,50,67,0,194
3268,0,720,123,16,379,836,22,2094
3269,4,159,57,9,122,200,5,553
3270,0,68,9,5,26,101,0,205
3271,0,46,3,0,41,64,0,159
3272,6,419,40,6,132,631,12,1244
3273,0,28,11,0,19,56,0,115
3274,0,52,3,0,38,93,3,193
3275,0,177,7,0,41,106,4,336
3276,0,148,14,4,71,139,3,382
3277,10,687,43,7,221,536,12,1506
3278,0,97,3,8,36,92,0,236
3279,0,75,13,3,43,75,11,217
3280,148,11417,780,69,2005,11378,139,25931
3281,0,658,27,3,183,419,6,1300
3282,6,867,33,0,190,762,13,1877
3283,3,483,18,6,173,364,4,1053
3284,15,929,105,10,323,1435,19,2838
3285,3,380,22,10,163,407,8,1003
3286,0,154,17,7,72,203,3,455
3287,4,132,25,3,74,100,9,340
3289,0,195,34,8,93,274,3,610
3292,0,45,7,0,22,101,0,172
3293,0,64,11,0,52,116,0,245
3294,3,239,57,14,151,299,0,770
3300,33,3367,277,28,693,3972,54,8429
3301,4,393,31,4,206,301,16,948
3302,0,109,6,0,54,127,4,303
3303,0,93,8,9,51,103,3,263
3304,4,837,67,8,240,1101,24,2286
3305,42,4101,233,42,955,5220,87,10672
3309,0,29,8,0,8,54,0,101
3310,0,85,10,0,32,115,0,247
3311,8,433,47,4,102,864,7,1468
3312,0,263,30,0,182,355,5,850
3314,4,149,30,0,99,136,9,421
3315,3,412,43,12,247,645,12,1367
3317,0,54,8,3,31,50,0,154
3318,0,318,45,7,163,515,10,1066
3319,0,122,8,3,52,109,0,303
3321,12,598,21,0,150,363,16,1163
3322,0,44,0,0,29,72,0,146
3323,0,17,6,3,27,28,0,75
3324,0,122,15,0,72,234,3,455
3325,4,100,18,0,67,200,3,391
3328,17,678,6,5,134,492,7,1332
3329,5,75,0,0,40,91,9,228
3330,0,48,6,0,34,86,0,175
3331,61,2226,52,5,450,1647,29,4473
3332,7,364,8,0,91,294,6,777
3333,10,255,21,6,89,278,5,656
3334,0,171,3,0,48,236,4,466
3335,331,2149,22,13,301,1665,36,4525
3337,1157,11889,196,71,1751,12752,176,28002
3338,1006,7224,89,42,1140,8160,114,17769
3340,723,7266,196,40,1360,7031,88,16706
3341,31,627,19,0,150,497,21,1355
3342,130,1017,40,8,289,1307,20,2806
3345,42,381,10,5,83,390,10,920
3350,1094,20346,1216,101,4157,20972,230,48114
3351,57,2914,64,18,660,2715,56,6488
3352,157,5708,165,48,1430,5009,102,12614
3355,144,3556,165,14,641,6166,69,10759
3356,148,5310,104,17,935,6631,66,13211
3357,63,1189,49,6,300,1242,13,2862
3360,5,186,7,7,76,369,6,655
3361,3,146,17,6,69,311,0,551
3363,28,965,44,0,241,1576,23,2877
3364,18,624,46,11,302,751,20,1769
3370,25,418,28,0,164,884,9,1523
3371,0,242,8,4,70,543,9,874
3373,10,634,40,4,186,997,17,1882
3374,0,130,7,0,51,144,0,337
3375,0,55,0,4,30,65,0,160
3377,24,2872,228,13,596,4197,47,7976
3378,0,22,5,0,42,29,0,104
3379,3,140,36,0,111,366,5,663
3380,15,1845,135,11,396,2705,24,5141
3381,5,364,58,9,156,423,0,1015
3384,0,156,12,3,57,247,5,479
3385,3,166,16,0,52,201,3,438
3387,0,84,13,5,53,104,0,256
3388,0,140,17,4,65,252,7,473
3390,5,252,19,5,90,384,3,755
3391,0,47,3,0,28,63,0,140
3392,4,122,15,0,53,306,0,503
3393,7,721,99,12,197,1193,13,2243
3395,0,74,24,4,42,174,8,324
3396,5,178,41,5,68,328,6,632
3400,62,4992,397,38,882,5405,64,11846
3401,11,1652,86,27,524,1165,24,3487
3407,3,102,18,5,87,136,11,357
3409,4,271,29,5,153,288,12,768
3412,0,80,10,0,27,142,0,260
3413,0,66,8,3,37,46,0,171
3414,0,464,43,10,127,926,4,1573
3415,0,8,0,3,6,14,0,35
3418,5,821,144,15,265,1058,26,2328
3419,0,251,53,9,72,299,4,683
3420,0,73,19,6,45,66,0,211
3423,0,89,14,0,48,267,0,412
3424,3,166,40,5,72,348,0,638
3427,158,1027,9,3,194,867,23,2290
3428,11,244,4,3,46,258,3,565
3429,1748,13239,214,68,2572,11139,124,29100
3430,4,112,5,0,31,106,4,264
3431,199,1441,22,5,375,1072,16,3133
3432,8,60,7,0,16,67,0,154
3433,5,68,4,0,28,66,4,173
3434,122,1783,43,5,426,1611,31,4024
3435,58,933,36,9,288,959,20,2305
3437,353,3737,79,21,847,3055,31,8121
3438,111,797,15,3,194,691,4,1810
3440,83,613,24,4,200,656,9,1594
3441,63,410,19,9,134,418,12,1066
3442,376,2144,86,19,759,2483,48,5913
3444,295,2568,192,17,899,3580,49,7601
3446,37,347,11,9,89,379,0,868
3447,19,147,0,0,35,173,8,379
3448,14,261,11,0,103,345,6,746
3450,254,1580,228,16,557,3102,36,5773
3451,101,1548,60,10,460,2585,33,4796
3453,20,579,27,0,180,604,10,1417
3458,64,501,34,6,226,845,12,1677
3460,34,662,100,9,255,1161,20,2238
3461,55,1237,57,11,434,1625,27,3446
3462,12,326,17,0,109,518,4,988
3463,25,619,50,7,251,1194,22,2159
3464,3,349,9,6,80,431,7,886
3465,22,2450,208,13,574,4920,44,8233
3467,0,273,30,4,83,595,10,992
3468,0,71,3,0,22,153,0,254
3469,0,66,0,0,35,141,0,244
3472,0,297,30,7,78,877,5,1287
3475,0,50,11,0,47,190,0,298
3477,3,244,24,17,116,308,4,712
3478,0,713,78,10,160,1154,20,2128
3480,5,442,101,6,172,816,12,1550
3482,0,26,9,3,18,89,0,139
3483,0,240,47,9,83,335,0,722
3485,0,67,6,3,32,137,0,261
3487,0,22,3,0,12,35,0,71
3488,0,32,0,0,17,39,0,90
3489,0,14,4,0,7,23,0,52
3490,3,337,58,20,118,566,12,1109
3491,0,29,0,0,19,50,0,100
3494,11,231,46,0,41,230,12,561
3496,30,1971,105,8,443,2408,52,5018
3498,18,1969,62,14,396,1770,33,4264
3500,99,10589,572,62,1590,13494,176,26594
3501,0,766,31,9,165,509,9,1495
3505,17,1559,68,10,350,1872,24,3897
3506,0,9,0,0,8,11,0,30
3507,0,36,3,5,10,73,0,122
3509,0,78,17,0,20,80,0,193
3512,3,109,9,9,49,117,0,301
3515,6,739,16,0,156,532,9,1455
3516,0,191,33,6,76,255,6,575
3517,4,327,36,4,101,714,7,1189
3518,0,271,34,13,78,732,11,1137
3520,0,17,6,0,5,133,0,158
3521,6,208,6,0,74,218,4,518
3522,5,106,3,0,26,138,3,288
3523,13,847,43,7,248,1990,11,3167
3525,7,328,63,10,126,583,8,1111
3527,4,182,53,4,68,379,3,684
3529,0,22,16,0,15,33,0,89
3530,0,32,4,9,11,50,0,106
3531,0,51,0,3,13,86,0,158
3533,0,185,28,7,52,365,5,651
3537,0,215,59,10,114,455,7,861
3540,0,61,6,0,38,154,3,259
3542,0,35,10,0,28,62,0,131
3544,0,55,10,0,44,94,0,205
3546,0,91,32,0,49,154,6,332
3549,13,951,113,8,205,1452,41,2787
3550,459,13132,1262,66,2635,15922,139,33620
3551,217,11365,225,53,2484,8029,161,22528
3555,190,6669,187,40,1043,8049,63,16247
3556,110,4122,87,19,784,5315,59,10504
3557,5,258,12,6,92,243,5,611
3558,3,228,45,0,93,402,5,772
3559,0,147,18,8,72,191,3,446
3561,12,1242,110,16,458,1788,30,3655
3562,0,85,11,5,29,98,0,227
3563,0,243,26,0,99,283,6,650
3564,48,5498,335,27,1098,5938,96,13046
3565,0,30,4,0,15,33,0,85
3566,0,170,18,5,61,192,5,445
3567,0,173,47,0,74,239,4,533
3568,6,873,87,12,252,1257,26,2507
3570,0,209,12,0,70,292,9,606
3571,0,66,8,0,61,117,0,263
3572,0,46,3,0,28,34,6,112
3573,0,79,12,0,47,118,5,256
3575,0,202,28,4,95,314,7,653
3576,0,18,7,0,13,20,0,59
3579,12,1519,140,27,480,2252,39,4464
3580,6,290,18,0,75,450,9,848
3581,0,49,3,0,25,62,0,143
3583,3,55,5,0,26,80,0,159
3584,0,340,16,3,74,466,9,901
3585,24,3667,361,21,645,4296,84,9098
3586,0,296,12,0,78,260,8,657
3588,0,126,3,0,23,128,5,290
3589,0,108,12,5,28,121,3,279
3590,0,117,6,0,23,106,0,258
3591,0,60,3,0,20,49,0,133
3594,6,156,4,4,31,244,3,451
3595,0,133,5,4,36,376,8,557
3596,0,18,5,0,8,36,0,76
3597,0,148,13,4,42,160,0,366
3599,0,35,7,0,10,62,0,112
3607,3,37,7,0,12,52,0,106
3608,14,746,72,10,185,1044,16,2086
3610,8,395,32,5,131,874,14,1456
3612,4,451,39,8,106,889,7,1508
3614,5,351,15,0,88,220,0,679
3616,10,1641,152,12,434,2055,34,4337
3617,0,50,3,0,34,52,0,136
3618,5,240,7,0,49,262,3,561
3620,10,2471,208,13,626,3396,57,6782
3621,3,732,65,6,209,848,13,1869
3622,0,144,22,0,58,154,7,376
3623,0,238,28,4,90,394,6,759
3624,0,153,8,5,58,228,5,454
3629,28,3037,97,9,531,3700,59,7465
3630,115,9743,672,66,1418,12774,156,24946
3631,48,4686,139,28,843,3340,60,9152
3633,0,204,13,0,64,186,4,467
3634,6,683,41,3,193,507,18,1449
3635,3,192,10,0,67,175,4,445
3636,11,1577,130,13,433,2138,31,4332
3637,0,188,18,6,94,153,8,464
3638,3,608,94,3,177,804,24,1709
3639,3,149,18,3,67,215,8,467
3640,3,306,48,5,113,280,3,765
3641,4,358,34,4,127,440,12,981
3646,0,164,8,6,85,186,7,468
3647,0,9,8,0,3,21,0,39
3649,0,121,11,3,54,155,7,356
3658,102,2152,55,16,404,2262,32,5023
3659,18,242,7,5,65,268,3,609
3660,83,2225,163,8,483,3392,59,6416
3662,13,335,183,7,58,188,6,786
3663,0,59,5,0,21,54,0,141
3664,10,330,19,3,124,384,13,882
3665,0,92,6,4,46,155,4,309
3666,22,1294,139,11,442,2052,32,3992
3669,0,380,26,4,159,603,4,1171
3670,0,197,9,0,57,222,7,496
3672,39,3024,231,23,617,4745,55,8739
3673,6,538,35,4,232,620,12,1446
3675,9,647,34,0,207,577,14,1482
3677,68,5757,497,29,1087,7308,98,14853
3678,21,2255,139,15,718,1984,52,5182
3682,4,209,12,3,68,180,6,474
3683,3,620,17,0,162,658,9,1466
3685,6,928,66,3,241,996,14,2253
3687,9,375,20,0,65,435,10,910
3688,0,511,9,0,122,323,12,977
3690,154,12475,423,66,1876,11588,141,26724
3694,0,19,45,3,0,20,0,92
3695,0,174,4,5,54,136,3,383
3697,5,175,7,6,71,221,0,489
3698,9,247,32,3,93,343,3,732
3699,5,215,116,38,85,465,0,929
3700,3,386,51,8,107,515,15,1088
3701,0,291,30,0,156,406,5,892
3704,0,14,0,0,0,7,0,20
3705,5,80,6,0,30,83,3,206
3708,0,16,0,0,13,21,0,51
3709,0,68,19,0,56,119,5,265
3711,5,143,7,0,53,210,0,418
3712,0,102,23,3,37,154,3,316
3713,9,250,35,3,64,575,0,930
3714,22,1024,114,11,292,1512,22,2996
3715,4,83,11,5,29,132,4,266
3717,9,742,66,9,256,1114,18,2222
3718,0,16,0,0,14,30,5,70
3719,0,118,3,0,48,154,3,323
3720,0,159,8,0,62,253,0,488
3722,34,1563,214,14,473,1720,43,4048
3723,31,706,151,37,293,1283,19,2518
3725,0,201,14,0,74,224,3,517
3726,0,96,9,10,59,162,8,338
3727,0,76,4,0,33,147,8,264
3728,0,187,8,4,68,263,3,533
3730,11,2431,174,24,609,4028,41,7320
3732,0,169,19,4,88,204,6,486
3733,0,66,9,0,31,72,3,175
3735,0,210,20,0,79,184,7,508
3737,12,1344,114,13,354,1796,31,3660
3738,0,90,5,0,14,65,0,180
3739,0,65,4,6,30,62,4,170
3740,0,357,27,3,122,364,14,886
3741,29,758,198,16,335,1282,15,2635
3744,0,157,5,3,36,157,3,368
3746,0,128,0,0,19,175,4,337
3747,21,1362,135,24,456,1848,34,3878
3749,10,644,47,7,187,647,8,1549
3750,585,3000,24,17,484,2405,65,6586
3751,5,79,0,0,25,126,5,236
3752,1329,8943,87,42,1327,6494,87,18313
3753,54,880,9,0,158,596,9,1706
3754,1520,14159,144,61,2455,8664,127,27121
3755,4,96,6,0,22,91,0,218
3756,391,4278,54,25,797,3532,64,9136
3757,138,3153,51,15,646,3021,76,7099
3758,68,840,8,11,149,623,11,1710
3759,45,410,8,0,104,308,9,887
3760,6,163,0,0,37,93,9,308
3761,41,422,10,3,136,374,8,994
3762,0,47,0,0,17,54,4,120
3763,30,568,16,4,135,500,0,1248
3764,224,2970,85,12,615,3334,64,7301
3765,197,2584,35,12,514,2134,17,5496
3766,47,484,13,4,98,338,3,997
3767,48,424,13,0,116,421,15,1035
3770,76,1248,44,11,296,904,21,2607
3775,90,1382,42,8,400,1148,37,3113
3777,142,3545,149,25,903,3946,80,8785
3778,0,71,9,0,30,67,0,171
3779,7,75,26,0,48,189,0,356
3781,59,1792,22,5,325,1207,39,3465
3782,151,3025,56,20,655,2422,20,6342
3783,27,878,31,8,214,680,15,1849
3785,12,25,0,0,4,24,0,64
3786,80,555,9,0,129,469,6,1250
3787,55,378,10,4,105,311,6,867
3788,62,595,27,6,186,545,10,1424
3789,11,94,3,0,16,96,0,228
3791,69,506,16,10,157,421,5,1171
3792,49,355,6,0,106,337,8,851
3793,67,1277,51,8,314,1118,15,2850
3795,16,443,30,0,137,382,4,1014
3796,289,3903,61,11,717,2731,39,7752
3797,38,1102,38,4,274,1381,25,2867
3799,69,1771,51,16,398,2415,30,4751
3800,60,87,75,0,137,1848,0,2207
3802,818,8846,64,47,1118,8863,95,19849
3803,422,3488,53,27,453,4235,55,8730
3804,167,3259,26,14,609,2522,44,6646
3805,2213,21275,202,119,2977,17068,234,44096
3806,1895,18014,204,96,3165,14076,164,37611
3807,249,2931,51,19,507,1806,44,5602
3808,43,1194,21,4,285,816,16,2384
3809,327,3047,30,15,509,1552,29,5500
3810,1542,16802,263,90,2661,14389,174,35916
3812,39,935,35,5,214,655,15,1893
3813,14,315,15,0,71,304,7,728
3814,58,737,25,5,218,714,24,1776
3815,54,1011,28,6,257,1005,20,2393
3816,40,907,28,6,218,927,16,2135
3818,201,4457,135,26,1044,5420,67,11346
3820,237,5439,209,35,1031,6027,60,13037
3821,32,981,84,10,356,863,9,2336
3822,7,338,14,6,86,303,11,768
3823,16,582,21,10,201,682,15,1524
3824,45,1650,68,9,399,1800,34,4013
3825,190,5870,172,32,1234,9280,121,16897
3831,14,512,24,3,184,659,21,1408
3832,0,58,3,4,33,112,0,216
3833,0,64,14,6,40,146,0,274
3835,0,141,8,6,61,158,4,376
3840,143,4540,155,27,856,7855,87,13666
3842,28,1385,37,13,241,2220,17,3946
3844,236,10320,331,68,1865,10377,121,23327
3847,6,695,49,4,196,828,13,1794
3850,60,4738,381,82,874,5730,83,11952
3851,13,1348,74,27,437,2929,43,4870
3852,0,13,56,0,0,14,0,84
3854,5,530,14,10,155,376,7,1089
3856,9,377,7,0,68,300,3,769
3857,0,156,5,0,24,113,0,305
3858,18,866,105,9,247,1183,26,2453
3859,3,250,23,6,133,253,10,677
3860,24,2283,121,26,591,2743,39,5833
3862,10,1031,51,20,323,1112,12,2554
3864,0,67,7,0,26,73,0,178
3865,0,156,7,0,23,173,0,368
3869,9,601,20,0,133,550,15,1322
3870,10,394,20,9,118,519,6,1065
3871,16,821,59,10,291,1183,16,2387
3873,0,90,5,0,35,127,12,264
3874,0,144,9,0,87,238,4,487
3875,66,5686,311,48,1258,7841,101,15312
3878,0,321,11,4,81,524,7,959
3880,54,856,36,11,208,2412,18,3596
3882,9,347,6,3,90,467,3,925
3885,4,566,29,10,195,711,28,1548
3886,3,112,0,0,30,158,5,306
3887,3,72,17,0,23,177,0,300
3888,9,753,114,5,308,1634,23,2852
3889,0,21,0,4,27,110,0,157
3890,0,52,17,0,30,177,3,271
3891,0,21,8,0,16,59,0,104
3892,3,191,65,10,97,564,3,934
3893,0,5,0,0,6,3,0,19
3895,0,46,7,0,43,70,0,165
3896,0,106,26,0,39,163,0,337
3898,17,199,38,10,69,307,0,639
3900,0,53,4,0,15,52,8,132
3902,0,106,13,0,47,181,0,349
3903,5,201,10,4,58,349,9,628
3904,4,368,21,6,127,735,5,1260
3909,23,1988,112,36,507,4024,43,6732
3910,422,9734,121,47,1608,6146,104,18170
3911,55,1409,31,6,237,1064,16,2825
3912,163,6220,141,23,1136,4574,71,12320
3913,38,1438,25,5,242,991,11,2750
3915,94,3030,114,27,511,4270,36,8074
3916,9,255,16,3,104,438,9,825
3918,33,1465,24,5,266,1172,11,2977
3919,39,1154,20,10,192,1100,26,2536
3920,49,129,597,59,70,64,3,967
3921,9,19,0,0,23,46,0,94
3922,42,2025,133,17,628,3619,40,6506
3923,3,161,12,0,36,242,4,456
3925,14,1035,71,9,297,1321,28,2778
3926,23,1087,38,8,324,1187,14,2683
3927,13,512,15,3,155,684,16,1395
3928,0,114,8,3,64,156,0,355
3929,3,240,19,0,112,404,9,790
3930,388,6145,114,47,1527,5820,64,14106
3931,330,7887,252,35,1580,9993,89,20164
3933,18,418,27,3,118,331,5,926
3934,228,6550,120,42,1581,5992,68,14579
3936,128,3571,78,35,815,4768,50,9429
3937,20,448,37,3,200,547,9,1265
3938,19,901,24,10,208,1258,9,2435
3939,96,4312,132,18,975,6700,81,12309
3940,35,1075,40,0,205,2953,26,4335
3941,83,3809,80,28,842,5142,63,10051
3942,16,604,14,4,203,1197,11,2054
3943,26,329,30,0,136,942,9,1482
3944,9,90,9,0,65,305,0,477
3945,8,317,24,0,148,313,9,809
3946,0,66,4,7,29,69,3,177
3950,17,1430,74,5,365,1988,31,3908
3951,0,304,19,8,149,321,3,803
3953,33,2364,231,19,715,2873,44,6280
3954,3,144,9,0,45,126,0,333
3956,7,651,60,15,313,1339,18,2401
3957,0,74,7,0,49,85,0,221
3958,0,75,7,0,52,89,0,225
3959,0,272,49,3,150,445,7,929
3960,4,596,85,9,257,1170,12,2138
3962,3,261,22,3,79,413,10,789
3964,0,42,0,3,11,55,0,118
3965,0,49,3,7,16,123,0,199
3966,0,142,23,0,69,201,4,441
3967,0,20,10,0,18,53,3,107
3971,0,1039,116,24,356,1886,26,3453
3975,929,5339,52,22,764,3973,60,11140
3976,966,8400,93,64,965,9171,107,19770
3977,3144,34546,379,224,5040,26899,383,70620
3978,500,4114,52,25,636,2457,55,7838
3979,0,90,13,3,50,82,3,239
3980,35,1303,20,4,253,1002,26,2648
3981,33,1752,64,10,411,1580,34,3889
3984,38,1509,55,6,402,2350,33,4396
3987,9,514,12,5,135,504,12,1196
3988,3,304,33,6,138,323,8,807
3990,0,36,0,3,24,29,0,99
3991,0,112,7,0,44,153,4,313
3992,3,318,14,0,121,318,5,782
3995,32,2712,203,16,700,4764,63,8489
3996,17,1448,90,10,465,2553,35,4620
4000,1399,2424,3901,76,1105,6655,86,15649
4005,2279,4998,1849,96,1392,5747,59,16417
4006,1969,3276,2398,72,992,5034,39,13784
4007,1057,4523,379,89,1058,3972,48,11121
4008,10,110,3,0,14,193,6,336
4009,0,4,0,0,0,0,0,4
4010,374,693,111,9,199,653,8,2055
4011,1537,5128,314,64,1235,4319,57,12649
4012,2605,7478,497,78,1607,5864,79,18206
4013,603,1498,68,21,359,1244,21,3814
4014,1009,3982,216,31,834,3519,52,9634
4017,2462,12184,391,85,2548,11916,117,29707
4018,1058,3975,107,26,745,3981,49,9935
4019,617,6317,245,56,1328,8088,72,16725
4020,620,6610,304,74,1449,9773,77,18913
4021,263,2965,139,37,503,3960,41,7904
4022,157,2100,64,20,349,3047,26,5770
4025,4,31,123,3,37,143,3,349
4029,0,0,0,0,0,68,0,69
4030,2336,5315,482,58,1318,4396,58,13964
4031,1319,4933,271,34,1059,3372,45,11023
4032,1214,4635,496,49,956,6033,66,13442
4034,3191,14367,507,115,3007,15326,168,36675
4035,1160,9177,187,76,1852,6894,63,19410
4036,428,2302,36,14,420,1928,30,5157
4037,318,3216,52,25,691,1713,22,6037
4051,2900,8967,1341,83,2178,6852,87,22411
4053,3227,15332,763,108,3288,12725,123,35565
4054,968,4268,153,33,1055,4267,50,10794
4055,1630,6896,193,51,1661,5397,41,15871
4059,1304,3471,870,43,1006,4913,48,11661
4060,1006,4405,363,36,1089,3239,31,10176
4061,1157,5336,282,40,1366,4920,37,13136
4064,1194,3376,901,38,973,2741,20,9248
4065,708,3054,299,39,890,2367,17,7370
4066,2072,4461,1085,61,1450,5609,40,14776
4067,819,1698,639,18,706,5467,13,9353
4068,2619,6281,939,92,1934,8261,70,20194
4069,1767,10613,617,83,3022,10594,97,26790
4070,664,4053,113,21,985,3091,27,8958
4072,121,153,151,3,259,1452,4,2146
4073,628,3137,114,21,687,2550,31,7168
4074,1403,8626,298,67,1808,6854,56,19120
4075,2285,6995,488,73,1735,6876,63,18504
4076,330,1455,64,9,256,5020,29,7160
4077,1042,8061,183,59,1112,13165,166,23783
4078,1368,9059,168,62,1515,7743,74,19991
4101,2654,4961,2843,95,1653,7969,67,20242
4102,951,1738,660,28,537,2888,11,6804
4103,1730,4280,801,36,1161,4477,42,12527
4104,609,1987,207,17,487,2312,9,5630
4105,1220,4395,288,30,1052,4032,31,11054
4106,101,497,41,0,102,588,9,1337
4107,491,2041,116,20,414,1993,17,5094
4108,505,1766,76,20,295,2419,33,5119
4109,2594,10470,531,89,2068,16178,131,32070
4110,474,3401,119,19,546,4038,45,8635
4111,92,312,37,4,83,532,3,1061
4112,435,2636,39,15,438,2559,30,6147
4113,2320,9495,336,64,1706,10601,89,24613
4114,758,6728,193,55,863,13372,162,22124
4115,1107,7111,86,42,1222,5519,54,15142
4116,1583,9036,109,67,1416,8125,83,20415
4117,40,514,4,0,68,373,7,1001
4118,834,11564,170,88,1729,8950,141,23480
4119,301,2275,31,14,380,1834,24,4867
4120,1206,2891,416,31,709,2471,27,7751
4121,2044,8254,559,64,1928,7016,60,19930
4122,3062,13842,639,101,2975,15101,130,35842
4123,1015,6689,111,50,1258,5380,58,14563
4124,392,7416,90,55,1145,5843,74,15025
4125,115,2470,39,8,422,2901,24,5976
4127,937,8935,199,60,1584,8994,115,20838
4128,630,6700,101,49,1181,4551,71,13272
4129,173,2452,29,17,413,1722,21,4828
4130,255,3464,52,26,701,2351,30,6886
4131,338,3206,90,19,438,3948,37,8088
4132,533,7949,133,51,936,8981,114,18692
4133,342,6049,92,45,972,6259,80,13835
4151,1934,5554,414,48,1326,4413,57,13746
4152,3516,15732,530,123,3379,12992,141,36422
4153,254,1741,35,13,307,1132,11,3486
4154,506,4088,83,30,912,2187,46,7855
4155,31,508,16,4,149,458,0,1168
4156,159,1147,25,3,255,857,18,2466
4157,573,7483,184,48,1400,5767,41,15491
4158,196,1318,21,11,271,1238,18,3075
4159,568,5320,108,50,1035,4675,27,11773
4160,792,6692,154,70,1403,5557,62,14726
4161,525,6439,119,38,1075,4746,57,12995
4163,448,4816,203,54,1015,6106,46,12695
4164,426,5760,124,46,1119,4108,45,11626
4165,791,13684,228,88,2581,11628,120,29119
4169,1880,4197,1008,66,1067,4571,47,12836
4170,2499,8693,592,90,2028,5980,70,19959
4171,1625,5150,411,61,1410,3936,53,12641
4172,374,1578,83,12,302,1080,9,3440
4173,472,3143,73,12,575,2424,40,6736
4174,135,920,37,10,143,603,12,1865
4178,1466,8360,322,79,1762,8450,78,20514
4179,1026,6611,258,77,1355,6062,55,15428
4183,84,451,106,12,167,926,11,1760
4184,636,554,68,24,347,4490,27,6153
4205,129,1458,30,6,219,2683,8,4542
4207,1147,18462,375,129,3051,19771,236,43174
4208,372,7598,126,66,1360,5109,84,14707
4209,998,18669,274,128,3095,12624,162,35946
4210,264,7893,99,55,1322,5278,60,14967
4211,910,23235,398,195,4026,19350,237,48352
4212,404,10091,202,136,2085,10289,99,23302
4213,322,11034,186,99,2268,8746,105,22763
4214,663,13897,440,112,2363,13132,139,30746
4215,1722,14811,1411,189,2918,22430,217,43705
4216,582,12283,450,141,2467,16164,137,32223
4217,1718,12073,1952,223,3046,16938,173,36127
4218,941,11370,979,141,2495,11383,156,27462
4220,627,11583,589,97,2308,10828,140,26159
4221,401,9764,340,80,1926,9368,120,22007
4222,0,0,0,0,0,0,0,0
4223,148,4971,182,37,1097,4773,65,11278
4224,90,2363,107,22,493,2400,34,5514
4225,124,2253,322,32,546,3770,34,7085
4226,561,11637,374,111,2415,11432,124,26656
4227,417,8161,295,55,1548,6606,47,17130
4228,41,1964,39,13,484,1685,28,4249
4229,7,34,8,0,33,295,0,383
4230,49,559,74,3,135,672,0,1487
4270,35,1488,21,13,343,1250,22,3175
4271,24,875,30,9,274,1136,19,2364
4272,33,1251,64,18,459,1998,17,3842
4275,26,1187,87,12,317,1130,25,2779
4280,233,6432,98,53,1134,4870,66,12891
4285,128,6621,223,55,1424,7344,102,15895
4287,4,179,17,3,69,418,0,696
4300,2397,19970,322,125,3147,15076,242,41276
4301,779,9118,105,58,1299,8786,124,20267
4303,123,777,32,9,142,1995,13,3083
4304,600,5177,132,37,907,6981,68,13898
4305,1486,20210,602,120,3257,22839,202,48709
4306,723,13170,325,97,2680,10979,131,28111
4307,14,564,34,7,165,468,10,1258
4309,4,926,52,4,273,1102,13,2385
4310,30,1735,84,21,467,2404,35,4780
4311,68,2852,101,28,700,4518,68,8333
4312,10,536,54,8,199,1437,11,2262
4313,6,534,49,9,188,1119,12,1921
4340,97,1657,74,16,402,2126,21,4381
4341,100,4310,120,34,992,5895,77,11517
4342,18,796,35,9,209,1069,9,2143
4343,48,3664,152,32,705,4707,49,9356
4344,5,908,35,11,191,904,12,2070
4345,0,19,8,0,33,260,0,323
4346,7,303,12,0,71,295,6,692
4347,5,347,22,0,102,479,15,968
4350,532,37564,1985,236,6208,39205,361,86094
4352,90,10729,309,77,2313,8029,132,21677
4353,0,92,6,0,44,93,0,229
4354,6,373,26,6,87,446,8,944
4355,7,596,43,7,230,1283,12,2187
4356,11,1653,122,21,459,1803,19,4080
4357,5,725,52,3,233,1071,17,2110
4358,0,786,44,6,212,663,15,1736
4359,4,435,12,8,139,420,4,1013
4360,0,190,11,4,59,198,7,472
4361,0,682,68,22,299,1092,25,2188
4362,0,689,59,8,240,996,11,2009
4363,0,199,4,4,73,198,0,489
4364,0,69,3,0,37,59,0,169
4365,0,112,17,4,36,258,5,436
4370,60,5808,339,61,1196,7222,105,14792
4371,3,229,12,10,80,251,4,585
4372,0,61,3,0,16,53,0,131
4373,3,278,34,0,69,470,9,871
4374,0,115,12,0,23,165,0,316
4376,0,66,14,6,21,162,3,270
4378,0,139,10,4,55,201,6,416
4381,0,164,21,0,53,251,0,491
4382,0,129,24,6,75,196,0,431
4384,0,11,0,0,11,26,0,46
4387,0,392,51,3,102,507,3,1055
4388,0,79,8,0,43,188,0,315
4390,26,2488,178,21,504,2058,50,5330
4400,4,710,9,11,141,595,4,1470
4401,12,1869,147,20,413,1992,44,4501
4402,3,49,9,0,35,150,0,250
4403,0,202,40,7,141,225,11,619
4404,0,179,24,4,93,108,4,415
4405,70,4860,378,52,1016,4679,62,11124
4406,9,337,60,22,282,436,7,1149
4407,4,140,32,3,74,181,7,437
4408,0,166,15,3,89,229,3,503
4410,0,245,40,8,113,538,11,954
4411,0,69,7,0,42,88,0,203
4412,5,63,6,0,28,51,0,150
4413,49,2410,169,41,658,2761,49,6115
4415,11,587,83,12,153,691,9,1546
4416,6,159,19,6,89,124,0,398
4417,0,187,31,4,104,197,5,523
4418,0,26,10,0,18,27,0,93
4419,17,298,59,11,154,267,7,811
4420,0,328,67,19,196,325,11,951
4421,4,409,95,0,120,1430,6,2070
4422,0,109,30,7,82,133,4,368
4423,0,37,21,6,59,25,3,150
4424,0,70,4,4,34,62,0,170
4425,0,50,4,0,41,65,0,165
4426,0,36,8,0,21,38,0,102
4427,0,71,20,3,40,159,0,298
4428,3,204,16,3,103,184,4,520
4454,5,207,42,8,113,200,14,582
4455,40,3189,294,45,648,2293,70,6567
4461,0,15,8,0,12,12,0,45
4462,0,22,6,0,17,47,0,90
4465,0,345,60,19,149,407,6,986
4467,0,47,9,0,57,44,0,160
4468,0,45,20,3,59,80,3,214
4470,10,1210,144,18,271,1124,22,2808
4472,0,379,86,9,191,507,9,1188
4474,0,20,8,0,23,20,5,78
4475,0,0,0,0,0,0,0,0
4477,0,124,17,4,65,151,7,372
4478,0,113,62,7,65,126,3,381
4479,0,3,0,0,4,5,0,15
4480,3,236,75,16,80,176,9,602
4481,0,23,28,3,22,23,0,102
4482,3,36,33,0,16,35,0,127
4486,0,175,47,5,111,245,0,584
4487,8,1045,137,16,303,868,33,2399
4488,0,59,17,7,43,76,0,206
4489,0,22,5,4,7,38,4,89
4490,4,375,72,10,134,536,6,1137
4491,0,19,9,5,25,21,0,83
4492,0,87,44,5,44,59,4,245
4493,0,7,7,0,0,9,0,22
4494,0,27,16,4,36,30,3,102
4496,3,72,16,0,38,71,4,199
4497,0,96,6,0,69,74,0,260
4498,0,75,13,0,31,43,0,162
4500,2000,15517,362,107,3050,11769,139,32950
4501,329,1807,52,17,319,2060,14,4606
4502,598,3010,60,27,590,2426,28,6742
4503,1715,15786,249,111,2758,12896,144,33652
4504,847,6772,90,52,1358,4422,60,13606
4505,654,7142,113,46,1375,7091,81,16503
4506,614,7217,143,64,1290,7379,90,16789
4507,214,3760,178,58,986,10921,67,16186
4508,409,5707,153,35,964,8196,99,15560
4509,1191,10846,252,99,2018,7374,94,21876
4510,1079,13794,424,116,2586,19930,172,38089
4511,142,2384,51,24,550,4279,36,7457
4512,62,1183,61,14,333,1117,15,2780
4514,62,1987,80,15,555,3448,47,6203
4515,22,1263,57,8,313,1587,21,3278
4516,95,1437,38,6,324,1252,14,3173
4517,18,219,10,0,62,307,5,627
4518,111,1629,79,17,406,1837,30,4113
4519,128,2572,121,25,726,3111,47,6730
4520,587,4383,109,26,1395,3793,55,10338
4521,138,1510,59,19,478,1500,27,3734
4550,58,1456,53,13,290,1581,32,3486
4551,578,17766,727,195,3929,23093,239,46535
4552,92,2034,174,33,873,4024,37,7273
4553,67,2065,49,24,538,1849,49,4640
4554,17,631,21,5,207,632,18,1523
4555,64,2363,89,21,599,2359,26,5513
4556,460,14417,429,169,3418,16267,133,35292
4557,263,7242,338,90,1479,5940,57,15406
4558,257,6338,597,75,1299,8225,79,16870
4559,65,2195,46,33,472,2187,27,5021
4560,248,10262,386,87,2137,12689,126,25934
4561,50,2572,68,33,622,2426,43,5811
4562,55,2501,120,41,852,2824,37,6428
4563,67,2548,96,45,725,3445,46,6972
4564,117,3734,144,53,829,3888,41,8797
4565,152,4301,187,55,1038,6419,53,12203
4566,77,2174,169,50,704,3848,26,7049
4567,137,3387,270,67,1175,4203,62,9303
4568,23,1110,47,15,299,1408,27,2921
4569,11,514,7,3,124,615,15,1294
4570,206,11500,456,110,2861,19069,223,34424
4571,10,171,15,0,90,365,15,666
4572,59,1478,102,14,309,1576,13,3544
4573,277,8809,342,96,2162,8894,103,20686
4574,5,352,37,3,146,543,6,1084
4575,283,8127,349,105,1844,8756,81,19545
4580,7,706,53,10,222,3282,13,4294
4581,5,268,131,18,131,765,8,1325
4600,3,201,13,5,75,436,10,745
4601,8,257,24,8,147,491,9,945
4605,9,985,138,11,250,2245,21,3667
4606,9,642,57,3,160,1126,5,2009
4608,6,248,26,0,101,358,12,751
4610,90,4572,338,33,1058,5601,76,11767
4611,0,22,0,0,14,46,0,89
4612,0,36,10,0,35,126,7,220
4613,0,148,27,6,70,450,18,720
4614,0,196,29,15,69,669,4,987
4615,33,1510,77,17,420,3751,30,5842
4620,0,86,14,0,47,201,3,347
4621,10,352,83,8,132,904,12,1506
4625,3,848,129,17,209,1058,22,2285
4626,61,688,72,9,211,738,18,1793
4627,5,166,34,11,93,374,9,690
4630,12,579,96,15,307,935,25,1966
4650,139,8320,546,68,1729,17147,138,28087
4655,289,14950,686,133,3072,30027,215,49368
4659,19,798,53,17,230,3072,17,4194
4660,22,1631,158,10,445,3850,47,6161
4662,11,157,12,3,20,424,3,623
4670,406,23907,968,165,4027,35429,316,65207
4671,72,1194,85,15,399,3240,51,5057
4673,3,154,12,0,48,317,6,537
4674,6,252,26,7,106,856,4,1256
4676,0,29,0,3,18,86,0,137
4677,29,888,100,26,295,1547,11,2905
4678,8,244,11,13,55,389,10,732
4680,1978,18055,732,145,3250,17175,194,41526
4694,0,58,0,0,15,70,0,146
4695,12,315,14,5,85,434,8,873
4697,3,33,4,0,18,57,6,114
4699,0,108,11,0,51,161,3,338
4700,150,5469,507,38,1006,7068,74,14313
4701,398,15475,577,74,2395,14928,134,33986
4702,270,8876,493,120,2639,9737,146,22284
4703,283,7270,315,67,1635,8633,102,18305
4704,0,47,3,0,18,47,0,111
4705,0,63,28,8,85,96,0,284
4706,6,12,11,0,21,35,0,82
4707,0,47,18,9,26,121,0,223
4709,0,379,27,4,81,262,9,760
4710,51,1302,57,11,295,2098,22,3841
4711,13,804,4,5,131,539,0,1492
4712,7,60,24,10,33,87,5,220
4713,7,75,105,0,3,447,3,638
4714,16,560,47,7,126,1710,19,2485
4715,68,2638,179,25,606,1881,50,5447
4716,0,298,17,4,135,232,4,690
4717,231,1552,114,19,396,1206,25,3540
4718,21,732,88,15,260,671,21,1800
4719,7,283,64,11,149,295,7,822
4720,324,5265,300,33,1052,3533,90,10597
4721,26,1056,175,25,445,1081,24,2826
4722,38,495,105,21,276,480,14,1432
4723,18,419,56,3,175,377,9,1059
4724,0,162,61,10,117,108,6,474
4725,3,477,110,14,140,474,9,1229
4726,0,87,33,0,50,129,3,307
4727,0,78,17,3,50,50,4,207
4728,0,28,9,3,48,69,0,150
4730,11,1183,180,20,282,917,31,2627
4731,0,34,36,0,35,73,3,180
4732,0,25,7,4,24,50,0,117
4733,0,31,9,14,54,49,0,154
4735,0,277,80,12,95,335,14,807
4736,0,28,17,5,15,25,0,88
4737,64,2483,129,23,560,3178,49,6491
4738,9,324,28,13,139,443,9,963
4739,4,85,17,3,43,131,0,283
4740,946,29357,1237,200,5037,26841,353,63965
4741,88,2239,158,36,656,2584,55,5813
4742,48,311,49,20,129,374,3,937
4743,23,230,17,8,57,130,0,467
4744,87,3234,221,27,715,1909,45,6238
4745,77,878,71,5,202,944,8,2201
4746,169,527,80,9,177,419,4,1398
4750,92,2151,33,5,370,1591,14,4266
4751,48,1782,22,13,369,1288,25,3551
4753,54,1464,64,9,391,1097,35,3113
4754,15,708,57,9,179,774,11,1760
4756,3,156,11,5,57,248,4,491
4757,8,62,4,0,43,159,3,273
4798,14,174,11,0,66,274,5,546
4799,12,240,8,8,96,487,3,852
4800,116,3028,260,23,751,3242,48,7480
4801,3,12,187,13,17,25,0,258
4802,386,3166,449,61,786,3092,65,7995
4803,91,110,484,222,105,703,3,1724
4804,45,420,69,7,146,727,16,1425
4805,79,3553,218,44,654,4227,64,8834
4806,15,1265,99,27,273,1489,18,3187
4807,73,3946,247,44,687,3998,72,9070
4808,8,447,23,6,82,338,6,913
4809,3,312,54,8,87,352,5,837
4810,232,8121,923,94,1327,8045,83,18829
4811,79,5014,172,48,706,4688,45,10753
4812,223,6708,455,59,1048,6881,55,15429
4814,395,16742,1211,184,2659,15837,158,37182
4815,170,6949,160,77,1037,7567,76,16033
4816,39,2297,377,33,681,3882,47,7362
4817,231,11959,357,115,1754,9080,97,23597
4818,181,11298,210,151,1718,7442,86,21084
4819,208,389,111,7,218,1121,17,2073
4820,155,2842,288,42,768,4305,54,8454
4821,0,413,86,7,139,428,12,1087
4822,6,237,52,20,108,209,12,639
4823,44,213,134,27,151,198,7,775
4824,100,847,203,30,185,820,27,2209
4828,0,24,38,0,11,76,3,166
4829,0,93,82,5,49,148,8,383
4830,10,176,181,4,34,702,11,1117
4849,9,308,52,4,81,762,5,1220
4850,49,3386,238,66,761,4639,78,9210
4852,64,1049,91,32,286,1501,28,3047
4854,256,1740,138,26,322,1940,40,4463
4855,11,222,8,9,56,309,3,627
4856,0,200,29,4,65,274,7,581
4858,7,526,27,11,95,502,10,1183
4859,0,182,10,4,23,165,9,399
4860,125,3468,211,55,602,4599,68,9124
4861,13,406,46,3,87,635,9,1202
4865,57,2846,142,31,536,2543,42,6206
4868,256,8234,227,100,1187,7135,90,17237
4869,169,6955,155,81,965,5453,95,13873
4870,1002,23983,2536,431,4200,25144,302,57601
4871,84,2541,412,76,760,4688,99,8659
4872,7,941,128,18,468,1646,27,3239
4873,35,1943,222,47,507,2439,46,5245
4874,24,1798,216,25,335,1405,24,3820
4875,93,1020,873,133,138,3218,80,5560
4876,25,486,213,0,69,979,21,1791
4877,61,1672,423,35,459,1759,25,4443
4878,171,5143,197,70,896,4554,64,11087
4879,259,7302,360,99,1488,6055,86,15653
4880,119,3630,300,79,776,5928,84,10909
4881,39,1313,82,29,345,1818,27,3644
4882,16,892,45,19,223,976,8,2186
4883,59,2542,157,38,544,3489,45,6879
4884,8,536,44,13,193,712,8,1507
4885,24,1074,75,14,351,1569,24,3126
4886,8,193,28,7,99,362,3,699
4887,4,495,31,9,129,1003,3,1678
4888,8,597,74,11,181,1644,12,2536
4890,0,266,127,12,48,494,19,958
4891,0,132,66,19,34,217,6,478
4892,16,545,765,32,116,2558,28,4059
4895,14,1081,211,29,172,1980,24,3503
5000,759,1969,2253,60,882,8407,50,14377
5005,0,0,0,0,0,0,0,0
5006,390,1682,586,23,591,3172,34,6472
5007,608,2190,216,16,491,2756,22,6299
5008,774,4082,213,34,745,5597,71,11522
5009,271,1682,82,24,301,1806,26,4198
5010,179,1639,52,15,245,2634,24,4795
5011,683,4164,206,33,744,3848,27,9706
5012,404,3041,92,21,450,4892,43,8937
5013,338,3001,100,27,488,4368,44,8356
5014,489,3970,155,33,686,4629,33,9992
5015,292,2078,97,27,371,2012,27,4899
5016,354,3189,97,29,570,3195,30,7466
5017,174,1381,50,0,258,2264,21,4154
5018,163,2199,56,18,359,2035,20,4863
5019,402,3015,153,26,594,3551,35,7779
5020,105,1076,21,5,225,1178,10,2622
5021,176,1897,58,15,410,2569,21,5140
5022,667,5473,231,48,1120,5671,61,13271
5023,700,5301,154,48,926,6787,83,13994
5024,552,4849,139,38,954,5158,56,11756
5025,356,2838,116,9,539,3043,28,6936
5031,771,3043,403,22,625,3721,34,8620
5032,707,4283,224,44,825,4613,57,10752
5033,492,2716,236,20,461,3241,31,7195
5034,723,3065,438,30,817,3337,26,8434
5035,547,1815,223,13,419,2120,26,5172
5037,691,3392,181,23,694,4158,39,9176
5038,1150,5169,236,56,991,5335,56,13002
5039,521,2835,167,27,582,3132,46,7316
5040,72,756,32,6,166,1110,7,2148
5041,635,4559,303,31,1038,4293,39,10892
5042,520,3079,170,20,689,4702,41,9215
5043,1021,5411,240,41,1081,8317,64,16174
5044,490,3712,147,35,765,4043,40,9227
5045,830,5322,425,58,1132,5797,62,13616
5046,566,2730,136,24,584,3785,25,7853
5047,417,2508,114,21,525,3325,31,6943
5048,696,4334,195,40,1003,5748,44,12074
5049,482,3457,99,29,818,3234,31,8140
5050,240,1718,74,17,466,2201,18,4739
5051,623,5115,141,34,1160,4163,40,11279
5052,245,2189,79,15,554,2197,12,5295
5061,440,3097,479,36,779,3269,32,8124
5062,650,4903,399,48,1244,5032,43,12311
5063,601,3776,628,38,907,4365,23,10334
5064,309,3021,180,16,715,4002,22,8264
5065,366,2996,333,28,686,3963,33,8410
5066,395,3911,198,23,928,4053,33,9535
5067,571,2956,722,33,779,3719,36,8823
5068,607,3790,326,30,874,4690,44,10358
5069,401,2709,424,26,614,2777,27,6973
5070,796,4455,301,40,830,5751,50,12221
5072,585,4116,150,42,895,4788,24,10599
5073,706,4999,152,42,969,5775,66,12701
5074,654,4018,130,37,688,5234,53,10816
5075,603,3487,82,26,608,4077,28,8903
5076,434,3542,49,32,657,2930,42,7681
5081,385,2969,239,25,675,3555,24,7871
5082,847,5301,340,57,980,4858,47,12426
5083,424,2778,132,16,483,2340,19,6185
5084,409,2541,120,34,383,4725,53,8261
5085,924,6373,169,51,986,7686,71,16255
5086,898,5202,173,43,874,6025,56,13255
5087,799,3593,136,28,612,4299,45,9508
5088,177,1061,28,6,178,1262,12,2723
5089,312,2472,38,29,462,2079,18,5405
5090,318,2335,40,13,425,3615,18,6768
5091,371,2643,53,20,492,2623,35,6235
5092,1005,5967,138,52,1013,6258,52,14485
5093,399,2857,49,26,500,3588,25,7446
5094,23,254,16,4,34,429,5,765
5095,997,7352,215,60,1156,6802,54,16636
5096,464,4699,72,41,766,4750,37,10828
5097,685,4846,97,38,841,4716,44,11263
5098,475,3810,57,31,596,5069,41,10092
5106,0,3,13,0,3,183,0,199
5107,502,5364,74,46,707,6806,76,13583
5108,993,12399,205,90,1674,16645,160,32164
5109,582,6921,98,54,1038,8227,81,17014
5110,143,2948,71,32,431,3253,42,6923
5111,0,124,93,8,13,42,0,276
5112,414,4634,128,29,749,9614,78,15639
5113,364,3689,84,31,518,9847,78,14607
5114,814,11467,157,76,1812,11254,106,25696
5115,274,3458,34,21,539,3190,34,7546
5116,204,3030,77,17,556,3616,46,7546
5117,50,1193,16,9,187,760,16,2223
5118,402,6633,166,57,1145,6644,63,15105
5120,13,621,46,10,153,708,11,1568
5121,20,516,29,7,124,707,11,1408
5125,901,7464,100,59,1318,5625,63,15529
5126,338,2681,41,21,487,2205,23,5798
5127,384,3107,45,24,559,2336,24,6475
5131,39,375,15,6,82,304,0,826
5132,13,142,16,0,46,128,6,345
5133,8,150,4,0,44,118,5,323
5134,8,142,8,0,43,147,4,355
5136,15,164,9,0,49,178,3,420
5137,14,202,11,4,70,177,0,478
5138,0,119,12,0,41,73,0,237
5139,5,84,9,0,22,65,0,187
5140,11,171,4,6,47,99,0,330
5141,20,225,15,5,88,193,3,545
5142,11,197,9,0,64,167,5,461
5144,9,159,11,5,40,152,0,366
5150,0,16,0,0,4,29,0,52
5151,11,135,9,0,29,110,6,298
5152,223,2139,65,13,532,1912,10,4883
5153,139,2381,67,34,691,1930,31,5267
5154,127,1126,23,6,303,1078,7,2671
5155,151,1442,28,11,369,999,16,3017
5156,28,371,8,9,75,282,0,765
5157,50,1135,36,14,299,895,5,2432
5158,1238,9706,138,84,1843,6922,90,20025
5159,1123,12796,148,95,2440,10409,91,27101
5160,0,3,0,0,3,10,0,26
5161,308,3631,66,32,646,3665,23,8372
5162,980,11788,185,79,2159,12760,112,28065
5163,364,4396,61,45,786,5847,40,11545
5164,133,1150,31,6,215,2748,21,4309
5165,154,1494,53,11,285,2443,31,4465
5166,54,525,20,10,100,860,12,1581
5167,173,1934,45,13,370,2202,15,4749
5168,154,1748,30,11,364,2103,12,4420
5169,538,5720,136,62,1131,5747,74,13400
5170,31,407,8,6,111,403,3,968
5171,80,1924,87,24,587,2207,13,4920
5172,61,1341,73,5,460,1253,27,3217
5173,213,3782,99,38,978,4648,66,9832
5174,38,968,18,10,252,1058,7,2354
5201,25,747,29,10,197,576,8,1594
5202,4,303,14,0,90,286,4,708
5203,0,300,24,4,149,602,5,1084
5204,8,650,32,14,258,1513,10,2493
5210,13,581,24,7,167,561,8,1361
5211,56,3524,187,39,1047,8343,52,13260
5212,3,459,48,3,130,1192,13,1844
5213,7,379,20,0,116,438,3,962
5214,26,1839,119,21,536,4807,37,7382
5220,0,62,3,0,18,41,0,121
5221,0,50,9,0,29,152,0,242
5222,3,161,19,5,75,277,0,545
5223,15,1056,168,15,458,1284,18,3022
5231,19,469,13,3,128,384,13,1028
5232,11,174,18,0,43,112,7,359
5233,33,511,24,3,166,502,7,1245
5234,13,481,26,0,120,398,7,1047
5235,18,825,40,13,253,898,13,2062
5236,0,97,0,0,44,118,0,262
5237,0,109,3,0,41,134,0,283
5238,24,1048,67,10,275,2076,30,3524
5240,8,173,18,0,59,146,0,405
5241,34,880,51,3,199,855,5,2035
5242,34,589,18,5,167,526,5,1350
5243,15,321,14,0,99,259,3,712
5244,63,1447,96,24,438,1415,21,3500
5245,73,967,55,8,257,1208,16,2579
5250,83,1311,25,8,347,934,27,2726
5251,391,5015,165,40,1178,4801,64,11657
5252,148,2551,44,14,600,1671,27,5059
5253,54,5929,269,52,939,7967,90,15300
5254,17,802,34,10,248,832,20,1967
5255,71,3024,156,39,778,3425,40,7536
5256,6,372,19,6,86,684,5,1176
5259,10,302,49,5,103,451,5,921
5260,5,461,41,12,101,848,13,1481
5261,0,100,26,3,64,97,4,294
5262,0,149,10,5,68,83,7,321
5263,0,58,9,4,22,29,0,121
5264,8,365,50,12,104,514,5,1050
5265,0,115,18,0,70,133,3,337
5266,0,176,37,13,88,169,4,483
5267,5,680,86,24,215,519,15,1539
5268,0,1311,98,16,331,1121,39,2919
5269,0,74,6,4,44,86,0,207
5270,0,226,20,5,99,133,4,496
5271,12,2773,169,31,681,2248,66,5987
5272,6,258,43,12,133,205,0,652
5273,0,18,4,0,36,23,0,84
5275,0,717,81,13,258,943,19,2033
5276,3,369,39,12,139,463,6,1028
5277,3,991,69,13,266,985,23,2350
5278,0,151,12,9,51,198,4,422
5279,0,146,10,0,55,215,0,429
5280,17,2209,100,19,645,3069,36,6107
5290,82,9193,330,69,1388,9309,121,20490
5291,13,3342,118,35,856,2948,42,7363
5301,0,124,21,4,117,191,4,456
5302,5,257,38,12,84,312,4,703
5303,0,64,6,3,32,61,4,165
5304,0,258,38,4,76,265,5,642
5306,0,26,0,0,14,13,0,58
5307,0,117,23,0,78,254,0,479
5308,0,32,0,3,36,30,4,115
5309,0,33,8,0,25,64,7,132
5310,0,12,0,0,5,30,0,52
5311,6,113,16,9,68,133,0,350
5320,6,132,27,9,44,357,0,576
5321,4,101,8,0,30,370,0,519
5322,5,372,22,0,75,365,10,846
5330,6,959,92,10,255,1429,22,2778
5331,0,94,8,0,28,135,0,257
5332,0,115,7,6,27,171,0,328
5333,18,1998,116,15,418,2181,29,4766
5340,11,541,24,15,99,488,4,1177
5341,16,2523,160,20,450,3134,45,6349
5342,3,476,26,3,79,335,5,934
5343,22,1456,99,4,236,2116,25,3960
5344,0,328,9,6,92,336,16,794
5345,0,1070,70,14,210,1583,19,2976
5346,0,145,12,0,21,134,0,310
5350,6,191,0,0,52,112,0,364
5351,73,2127,50,21,520,1874,18,4683
5352,34,1884,109,24,470,1816,18,4341
5353,12,1340,71,12,338,1302,18,3101
5354,3,87,13,0,33,196,4,337
5355,36,2619,153,29,658,2609,32,6133
5356,6,286,11,5,97,264,10,671
5357,0,91,5,4,37,210,4,355
5360,9,453,6,3,107,296,4,878
5371,18,516,21,14,102,320,3,990
5372,17,827,28,3,165,647,12,1689
5373,12,1080,72,16,304,1307,19,2805
5374,4,378,28,10,178,616,12,1225
5381,0,98,11,4,39,175,7,319
5400,11,316,17,3,103,254,6,706
5401,4,244,14,3,66,339,9,680
5410,5,86,5,0,39,139,3,266
5411,0,82,6,0,29,124,5,247
5412,0,304,49,0,97,576,6,1030
5413,3,216,23,12,103,333,3,692
5414,0,30,0,0,36,60,0,127
5415,0,67,9,0,36,78,5,186
5416,0,80,10,0,32,73,0,194
5417,0,386,43,0,149,627,6,1216
5418,4,41,4,0,6,43,0,99
5419,0,53,10,0,37,91,0,186
5420,0,28,0,0,9,22,0,69
5421,0,21,0,0,8,93,0,124
5422,3,335,44,4,113,920,11,1435
5431,0,237,37,11,136,340,0,756
5432,0,36,5,3,33,38,0,123
5433,9,349,34,5,111,565,4,1077
5434,3,84,58,4,48,183,3,382
5440,7,58,29,11,49,72,0,227
5451,3,240,9,0,77,273,5,604
5452,0,140,16,4,66,119,4,352
5453,15,1735,122,29,455,1602,23,3988
5454,0,99,10,3,55,147,6,316
5455,0,12,3,0,10,17,0,45
5460,0,217,10,5,88,283,4,608
5461,7,744,80,6,195,1036,21,2087
5462,0,166,18,3,62,139,4,392
5464,0,155,25,6,80,228,0,496
5470,0,35,3,0,20,68,0,119
5471,0,11,0,0,17,40,0,77
5472,0,35,7,0,14,78,0,138
5473,0,186,26,3,54,348,0,614
5480,5,213,29,5,113,285,4,649
5481,0,139,26,3,69,239,7,491
5482,4,125,27,9,71,201,9,442
5483,5,80,16,3,55,116,0,278
5485,0,192,6,7,44,236,3,492
5490,0,41,0,0,27,75,0,147
5491,4,621,55,14,169,627,13,1493
5493,0,20,0,0,9,49,0,76
5495,4,158,10,0,47,318,0,542
5501,64,2698,67,22,499,2482,32,5869
5502,10,535,33,10,137,532,12,1271
5510,0,36,3,0,5,40,3,96
5520,3,127,15,3,54,275,11,489
5521,0,27,9,0,15,77,5,121
5522,0,275,51,8,120,811,10,1269
5523,5,541,54,4,194,762,7,1563
5540,73,4483,241,37,786,6932,66,12620
5550,0,265,37,3,70,342,11,727
5552,0,82,24,8,46,143,0,308
5554,17,1524,106,20,369,2206,38,4272
5555,0,114,14,8,74,230,3,438
5556,10,987,52,13,223,2175,18,3477
5558,10,1188,50,9,312,2560,19,4161
5560,0,97,9,3,53,208,0,376
5570,0,101,16,7,47,329,0,499
5571,5,385,40,0,159,1017,13,1625
5572,0,45,4,0,24,49,4,125
5573,3,467,88,8,205,903,9,1684
5575,8,534,96,9,243,1097,24,2002
5576,0,277,44,6,110,464,3,899
5577,0,124,34,10,60,222,5,455
5580,0,84,9,3,52,131,3,289
5581,0,97,23,0,39,343,0,508
5582,0,121,18,6,56,379,4,585
5583,0,140,26,4,49,473,5,692
5600,115,2135,170,10,378,2378,17,5204
5601,10,139,10,0,27,206,0,395
5602,19,330,42,8,147,546,15,1108
5603,5,126,24,4,61,130,0,349
5604,0,57,8,0,19,91,0,182
5605,3,465,36,3,141,791,8,1450
5606,63,4904,204,46,868,5228,82,11394
5607,29,1533,81,20,516,1748,23,3952
5608,189,3268,206,33,662,6297,44,10696
5609,58,720,11,0,116,548,6,1461
5630,0,44,4,0,21,32,0,104
5631,5,327,41,6,127,303,11,817
5632,3,79,7,0,45,43,3,181
5633,0,65,27,0,69,90,0,257
5640,0,299,56,0,109,361,4,837
5641,0,291,58,4,143,280,5,784
5642,0,60,9,0,50,62,0,184
5650,0,42,11,0,32,48,3,134
5651,0,29,4,0,14,9,0,60
5652,0,216,58,7,91,188,0,554
5653,0,30,3,0,15,9,0,59
5654,0,61,15,0,37,80,0,193
5655,3,37,0,0,16,18,0,69
5660,0,9,0,4,11,5,0,30
5661,0,32,15,5,27,35,0,107
5670,0,120,32,0,70,164,3,382
5671,0,50,6,3,32,45,3,132
5680,3,645,71,9,215,762,23,1728
5690,24,1104,166,21,224,1334,24,2896
5700,55,3222,257,35,618,4752,61,8999
5701,0,0,0,0,8,5,0,9
5710,17,829,14,12,174,1145,11,2197
5713,0,4,0,0,5,3,0,14
5715,0,3,6,0,9,7,0,29
5717,0,0,3,0,6,0,0,13
5719,0,13,7,0,7,11,0,41
5720,3,72,33,4,19,53,0,180
5722,0,83,5,0,24,157,0,274
5723,67,518,104,38,102,927,20,1771
5724,0,36,82,4,12,211,4,350
5725,125,1611,87,17,327,661,30,2862
5730,0,17,11,0,17,37,0,81
5731,6,127,86,24,29,131,9,417
5732,10,30,29,13,13,95,5,191
5733,0,25,42,6,42,88,0,204
5734,0,14,15,0,5,88,4,134
5950,0,0,0,0,0,0,0,0
5960,0,0,0,0,0,6,0,5
6000,1197,2356,1792,106,778,4335,69,10626
6003,423,897,374,24,248,1298,29,3295
6004,1793,2335,941,76,674,4086,67,9973
6005,726,1396,645,39,360,2099,26,5284
6006,687,2917,404,40,622,2660,34,7364
6007,745,2191,498,33,542,2104,24,6148
6008,1378,3836,1096,75,1164,5037,69,12659
6009,804,4729,843,71,1419,7529,83,15480
6010,943,4692,527,62,1249,6360,55,13901
6011,515,2743,250,44,716,3083,41,7392
6012,552,2598,208,33,628,3186,41,7250
6014,1215,6628,631,72,1538,6141,79,16306
6015,174,2045,102,32,545,2374,25,5298
6016,788,3387,362,43,694,2691,41,8018
6017,308,1626,82,22,221,1363,13,3648
6018,1804,13350,570,211,2714,12125,147,30919
6019,1119,8598,364,153,1614,6332,103,18284
6020,896,7278,190,105,1740,6597,71,16873
6021,969,7103,200,96,1165,7167,79,16776
6022,244,1747,41,24,329,1635,28,4052
6023,824,5144,151,69,1184,4593,60,12014
6024,756,4582,97,56,985,4297,68,10830
6025,1497,10737,290,178,2347,9089,129,24266
6026,1287,8032,191,108,1708,6805,71,18203
6027,2306,15235,530,253,3122,12555,216,34221
6028,1419,8642,151,129,1744,5563,93,17746
6029,112,967,33,19,252,882,13,2284
6030,2154,12891,290,285,2465,12520,196,30804
6031,763,6231,103,122,1086,3916,77,12304
6032,3,64,21,0,27,54,0,167
6033,7,129,8,6,55,156,10,365
6034,103,664,19,12,109,341,11,1260
6035,308,2644,53,72,605,2946,58,6689
6036,980,4913,118,117,1053,4312,92,11589
6037,85,772,14,28,246,1182,33,2359
6038,439,2207,28,54,488,1376,37,4640
6041,27,359,17,8,104,699,12,1231
6042,0,20,5,5,3,44,0,77
6043,4,39,5,5,27,127,6,208
6044,24,308,37,15,98,592,7,1082
6050,1161,4754,577,73,1171,5433,54,13224
6051,1389,4282,365,87,879,3873,56,10940
6052,891,3710,209,69,809,3452,40,9172
6053,1105,4849,325,79,988,4546,69,11964
6054,1168,6563,291,80,1281,7223,96,16702
6055,949,7816,197,139,1422,6013,106,16653
6056,1370,13174,493,237,2444,14295,209,32214
6057,523,6355,137,106,1026,5256,78,13475
6058,371,4734,107,97,737,4270,52,10368
6059,1129,8201,211,82,1424,8578,113,19735
6060,1630,8729,306,129,1387,7884,87,20160
6061,1818,12621,221,167,1697,14614,207,31335
6062,1506,11556,307,158,1750,12049,155,27474
6063,564,5006,82,63,677,4807,77,11269
6064,1020,10443,148,128,1396,11655,176,24951
6065,2704,23358,392,355,4042,16505,254,47624
6066,585,7112,124,88,1069,5898,110,14985
6067,0,0,0,0,0,21,0,25
6068,0,0,5,0,0,0,0,7
6069,1177,14405,316,300,2617,10087,131,29030
6070,133,1253,39,17,270,1156,19,2887
6071,121,1219,28,15,285,1107,16,2789
6072,24,310,0,3,53,346,5,749
6073,74,977,36,21,252,1172,22,2546
6074,18,342,8,9,84,342,15,815
6076,484,7264,239,100,1705,8153,72,18022
6077,28,497,14,12,141,540,12,1231
6078,19,311,15,8,113,306,14,773
6079,0,3,0,0,7,18,0,26
6081,122,1733,36,31,392,1445,24,3790
6082,79,1165,34,23,228,1023,9,2570
6083,96,1246,32,27,349,1129,24,2908
6084,135,2794,125,61,751,2620,62,6552
6090,0,4,0,0,0,3,0,11
6100,1478,4916,421,99,1015,4623,70,12620
6101,1370,5469,402,97,1032,5606,74,14047
6102,805,3647,195,49,659,6778,68,12202
6103,761,3540,148,73,572,3818,50,8960
6104,721,4916,206,98,811,5238,80,12075
6105,726,4837,192,79,699,5645,77,12257
6106,0,4,0,0,5,14,0,19
6107,2539,14731,379,238,2293,14885,217,35275
6108,1117,7995,142,116,1281,7953,102,18711
6109,415,3651,110,60,561,4802,76,9669
6110,1569,13626,220,216,2137,13844,172,31771
6111,789,7673,177,133,1545,8279,105,18695
6112,2217,19542,349,300,3203,17312,272,43190
6121,72,1126,48,14,296,819,8,2385
6122,507,6622,90,144,1068,4296,69,12800
6123,32,538,14,12,114,505,6,1218
6124,27,351,17,8,133,395,5,942
6125,53,994,51,17,307,1108,18,2552
6126,0,81,9,0,40,451,0,579
6147,770,5154,125,79,722,5491,72,12410
6148,831,5626,222,70,1166,6645,62,14620
6149,1071,6269,231,71,1349,6297,55,15351
6150,739,4001,186,39,937,5293,69,11271
6151,1180,5405,511,89,1227,5610,56,14078
6152,1563,8325,524,96,1690,9557,103,21854
6153,1090,6392,324,88,1565,7091,46,16598
6154,460,3197,175,40,698,3538,32,8133
6155,2660,18057,435,217,3098,15953,176,40589
6156,667,5653,243,77,1151,5620,61,13472
6157,561,4715,198,56,1043,4507,58,11136
6158,324,2526,193,43,616,2310,23,6031
6159,239,1037,98,16,271,1251,20,2930
6160,613,2224,458,60,667,3286,31,7348
6161,4,5,63,3,7,212,0,297
6162,621,3287,376,65,861,3974,50,9239
6163,2228,17301,586,260,3154,18707,255,42496
6164,3224,21318,446,333,3780,14605,267,43968
6165,0,23,0,0,12,38,0,75
6166,316,3676,76,38,645,3023,63,7838
6167,1222,7633,167,130,1416,10062,156,20788
6168,841,6562,355,305,1277,11016,121,20477
6169,1401,10412,236,281,2120,13276,157,27888
6170,1079,4051,77,79,688,3335,56,9373
6171,1453,10392,211,324,2178,8345,141,23041
6172,545,4285,104,125,921,4399,53,10424
6173,543,4130,75,140,915,2853,51,8704
6174,151,1251,27,41,290,1027,15,2797
6175,132,1241,35,39,259,1060,8,2773
6176,45,495,10,13,126,390,8,1084
6180,204,1686,37,59,350,1639,21,4001
6181,8,181,7,0,43,139,0,381
6182,0,0,0,0,0,0,0,3
6207,17,305,17,3,126,365,11,838
6208,206,3066,97,82,814,5226,61,9548
6209,37,516,15,18,149,926,5,1665
6210,1979,18319,568,477,4242,30667,332,56589
6211,188,1884,38,72,538,2916,35,5668
6213,11,179,35,4,81,286,7,593
6214,11,193,17,8,80,180,8,499
6215,37,1127,58,20,350,1750,33,3380
6218,4,92,4,0,34,171,7,316
6220,34,1487,75,16,326,1882,21,3845
6221,3,84,6,0,36,212,4,353
6223,0,68,5,4,30,60,0,171
6224,7,352,12,3,113,449,6,944
6225,132,2439,106,27,665,3957,58,7382
6226,16,303,3,6,90,214,9,639
6227,6,262,10,6,72,220,5,575
6228,0,59,0,0,15,58,0,143
6229,0,48,11,0,14,100,0,171
6230,514,14941,671,161,2539,15630,195,34655
6232,157,3829,78,47,724,3615,51,8515
6233,288,6553,128,94,1245,5992,97,14391
6236,14,726,26,14,254,627,9,1671
6237,29,875,30,15,272,748,20,1985
6239,33,1297,75,35,391,1706,24,3554
6240,0,39,3,3,16,40,0,106
6243,0,13,0,0,6,23,0,46
6244,8,322,61,14,224,543,3,1184
6251,0,95,20,0,45,154,0,318
6252,4,32,11,0,24,61,0,132
6253,7,151,16,3,81,275,5,539
6254,0,128,3,3,22,240,3,405
6255,29,1097,69,28,389,1603,22,3231
6256,4,129,3,0,64,102,5,316
6258,37,2259,130,26,526,2275,38,5294
6260,7,391,95,3,162,488,16,1171
6262,4,168,20,3,96,315,6,611
6271,20,1067,45,9,274,1161,36,2612
6275,3,300,61,12,154,595,12,1134
6280,247,8831,536,157,2110,10549,157,22594
6281,90,2324,131,52,760,2159,46,5561
6282,15,400,32,8,170,433,6,1063
6284,26,677,46,22,278,574,26,1641
6285,93,3057,281,72,1035,2455,63,7054
6286,0,204,18,3,112,173,5,513
6288,3,158,28,9,66,160,11,431
6290,20,363,45,7,162,907,10,1515
6302,27,923,71,27,342,1599,20,3004
6304,12,378,49,19,191,797,11,1457
6306,4,220,43,11,126,427,15,850
6308,8,372,48,17,180,682,9,1310
6309,3,55,3,5,29,134,0,232
6311,5,170,11,10,66,205,7,472
6312,23,1467,145,17,292,1879,35,3855
6313,0,84,5,4,30,127,0,247
6315,7,531,77,13,175,816,7,1629
6316,6,83,19,3,68,95,4,269
6317,36,1361,85,21,247,1560,23,3341
6318,0,145,21,8,65,173,9,411
6320,0,110,23,4,77,235,4,459
6321,3,120,25,8,79,166,0,398
6322,0,49,3,3,34,90,6,191
6323,7,234,12,7,113,465,3,844
6324,12,975,94,17,345,1418,14,2878
6326,0,147,10,3,95,151,0,411
6327,0,77,11,3,36,82,3,218
6328,0,107,14,3,83,127,9,340
6330,211,12174,535,133,2397,13597,181,29233
6333,24,1488,150,26,636,2467,33,4838
6335,8,238,40,7,54,259,6,617
6336,3,81,20,3,59,88,0,257
6337,0,162,25,9,79,123,0,412
6338,0,203,45,0,100,203,7,561
6341,0,85,20,9,45,67,4,232
6343,0,52,21,0,54,66,4,196
6346,33,183,57,9,111,209,4,613
6348,41,189,18,0,54,405,3,715
6350,0,68,22,0,41,124,4,259
6351,0,26,0,5,16,17,0,64
6352,0,43,6,3,36,57,0,146
6353,8,251,48,4,118,188,7,628
6355,3,118,32,8,83,79,0,322
6356,0,33,15,4,26,23,0,98
6357,0,24,0,4,21,9,5,62
6358,0,25,13,3,27,17,0,79
6359,3,161,37,13,51,88,6,353
6361,0,35,6,0,21,25,0,88
6363,0,19,10,0,23,25,0,75
6365,3,133,47,5,75,160,8,431
6367,5,91,26,8,42,114,5,286
6368,0,24,0,0,20,12,0,63
6369,5,169,60,8,78,235,8,559
6370,5,124,32,8,55,131,8,356
6372,3,18,3,3,17,51,0,102
6373,0,22,7,3,21,13,3,72
6375,5,278,41,10,112,352,9,802
6383,8,208,46,10,81,472,6,821
6384,0,10,0,0,10,9,0,26
6385,0,5,0,0,5,6,0,16
6386,0,13,4,0,24,39,5,83
6390,29,567,43,11,164,571,19,1410
6391,3,320,45,9,136,269,11,796
6392,0,147,17,6,69,127,0,372
6393,0,22,3,7,28,38,0,98
6394,0,109,17,11,105,123,3,368
6395,6,480,68,19,198,514,19,1295
6396,0,107,28,6,46,109,0,300
6397,0,15,0,0,20,42,0,72
6398,0,103,32,5,55,271,7,479
6401,50,2264,171,27,507,3560,38,6615
6403,0,50,4,0,20,66,0,142
6405,0,90,8,5,50,91,3,246
6407,10,312,66,3,81,464,3,931
6409,3,111,15,3,34,142,0,312
6410,10,235,53,9,76,457,10,852
6411,0,30,5,0,24,49,0,108
6412,3,16,4,0,7,13,0,46
6413,0,15,4,0,5,21,0,43
6414,0,21,6,0,8,20,0,53
6415,26,949,94,12,221,1091,18,2422
6418,4,172,49,3,58,261,0,559
6419,0,18,3,0,8,14,0,43
6420,0,18,18,0,15,31,0,92
6421,0,41,3,6,14,50,0,115
6422,0,19,4,0,0,14,0,38
6423,9,69,20,0,18,61,7,186
6424,5,21,8,0,11,21,0,70
6425,0,22,13,3,14,30,0,76
6426,19,250,35,8,74,315,8,714
6427,24,15,11,4,5,29,4,92
6428,0,15,4,0,10,8,0,42
6429,10,245,45,6,41,437,4,786
6430,534,9232,487,71,1101,5871,132,17423
6431,55,106,111,28,26,497,9,830
6432,160,2569,108,31,314,2321,36,5537
6434,24,39,6,3,16,51,10,157
6436,0,14,10,0,3,53,3,89
6437,78,130,21,15,31,190,4,465
6438,66,178,70,34,26,314,22,711
6440,149,269,79,50,24,410,30,1008
6442,102,775,42,10,130,854,10,1914
6443,34,192,67,6,54,373,14,735
6445,0,33,15,6,38,57,0,148
6446,0,23,5,6,33,31,3,101
6447,0,51,7,0,43,43,0,144
6448,0,96,22,7,44,192,6,368
6450,77,4407,297,50,1051,4642,105,10635
6452,0,0,0,0,0,4,0,3
6460,0,185,37,8,60,307,9,604
6461,0,131,28,3,52,185,9,416
6462,0,26,4,0,25,32,0,94
6463,0,3,0,0,0,6,0,16
6465,0,4,0,0,10,5,0,22
6466,0,15,7,0,16,18,0,58
6467,0,0,3,0,5,8,0,23
6468,4,62,19,0,37,75,0,198
6470,0,6,0,0,0,3,0,9
6472,0,48,12,7,38,28,0,132
6473,0,8,0,0,5,14,0,35
6475,0,106,16,0,51,135,0,320
6476,0,13,3,0,5,18,0,40
6477,0,65,24,5,36,84,4,221
6479,4,129,46,12,67,159,11,434
6480,0,18,4,0,4,10,0,37
6484,15,21,6,6,5,39,3,95
6485,0,114,18,0,51,241,0,420
6487,0,6,6,0,11,13,0,44
6488,0,47,9,0,13,89,0,161
6489,0,19,0,0,11,58,0,91
6490,6,74,9,0,19,92,0,206
6501,9,302,19,4,111,342,11,804
6502,19,319,18,14,94,491,7,958
6503,20,646,96,18,244,735,14,1769
6504,0,43,6,5,21,69,0,140
6505,0,30,7,0,34,30,0,100
6506,0,19,7,0,8,18,0,56
6507,7,176,34,10,90,137,4,447
6509,0,41,18,8,22,77,0,163
6510,16,632,77,11,153,675,10,1574
6511,3,122,36,8,47,243,3,456
6512,0,28,10,3,21,16,5,78
6513,0,62,15,3,30,53,0,172
6514,4,102,22,10,42,375,7,554
6515,0,96,28,8,46,71,9,247
6516,23,459,47,18,119,795,19,1477
6517,3,116,45,5,31,129,0,329
6518,0,49,15,0,30,80,0,177
6519,6,163,27,0,58,185,4,448
6521,3,110,30,12,78,68,0,303
6522,7,132,31,3,53,138,7,367
6525,39,921,64,20,318,1569,30,2957
6528,6,114,17,6,42,153,0,338
6530,296,10905,563,137,1844,11810,169,25726
6532,64,2224,102,57,605,2203,41,5294
6535,19,336,51,12,187,725,11,1346
6536,19,376,90,18,160,671,19,1337
6537,7,209,98,6,64,342,15,742
6556,41,709,19,16,193,646,23,1649
6558,16,248,5,6,86,2115,0,2479
6560,17,440,18,16,96,517,8,1106
6562,16,408,10,9,133,438,6,1009
6564,0,91,4,5,26,147,0,272
6566,42,871,38,40,282,1473,21,2774
6567,8,104,0,0,58,180,0,363
6568,0,65,10,3,40,73,3,197
6569,4,88,4,0,27,89,0,214
6571,0,20,4,0,19,15,0,57
6572,0,16,4,0,9,21,0,50
6574,0,18,4,3,19,21,0,62
6575,0,32,18,3,20,29,5,101
6603,7,361,69,10,105,311,3,871
6605,0,11,5,0,4,5,0,29
6606,5,44,14,4,19,50,3,137
6608,0,41,15,0,15,35,0,98
6609,0,316,37,12,69,219,8,664
6612,0,46,17,3,26,75,3,178
6613,0,10,7,0,8,21,0,43
6614,0,7,0,0,8,3,0,18
6616,3,13,6,0,7,17,0,45
6620,49,151,37,23,45,111,6,429
6623,0,163,39,8,54,259,4,534
6625,0,11,3,0,8,14,4,43
6627,0,14,0,0,12,20,0,50
6628,0,6,0,0,10,15,0,22
6630,4,131,45,5,52,227,0,475
6631,0,10,0,0,4,11,0,24
6632,0,10,4,3,10,12,0,45
6635,33,55,39,21,21,129,7,305
6638,4,88,28,0,26,243,0,388
6639,0,10,17,0,7,49,0,87
6640,0,32,16,7,12,101,0,171
6642,41,217,81,43,45,418,30,878
6646,94,113,51,52,26,286,29,662
6701,72,1415,368,41,405,2067,46,4418
6705,0,26,28,0,19,124,3,197
6707,27,866,187,32,259,741,30,2148
6710,1709,487,311,85,114,1068,81,3856
6711,0,0,0,0,0,0,0,0
6712,1195,80,39,135,72,415,37,1967
6713,12,432,28,10,89,211,11,783
6714,646,6397,369,128,1025,3960,163,12687
6716,156,85,73,17,62,143,19,552
6718,8,115,46,3,9,630,0,827
6720,222,692,61,13,195,662,15,1869
6721,54,1848,190,44,303,1089,48,3577
6722,104,3614,143,47,532,2885,78,7398
6725,72,3207,649,61,614,3527,84,8230
6726,34,1992,184,39,388,1440,43,4125
6728,39,1138,350,52,180,2591,53,4406
6731,0,0,0,0,0,3,0,3
6733,0,0,0,0,0,0,0,0
6740,3,181,107,10,37,609,12,950
6743,74,1992,474,43,345,1846,51,4832
6751,853,1143,210,193,337,1097,138,3962
6753,754,1854,343,292,383,2137,162,5923
6754,183,323,56,12,116,277,4,973
6758,600,293,92,201,47,339,87,1661
6760,41,85,79,15,26,239,16,496
6762,122,175,76,66,22,286,40,785
6765,4,260,183,7,38,812,22,1318
6770,25,244,239,8,74,1515,28,2131
7000,305,3440,2186,41,1175,4770,51,11980
7001,0,0,0,0,0,0,0,0
7004,193,1703,935,18,661,2917,18,6450
7005,413,3399,919,39,1048,5772,47,11646
7007,74,1065,59,15,261,1049,6,2523
7008,513,3770,522,40,909,4227,45,10024
7009,443,3864,288,26,707,4848,48,10230
7010,480,4800,247,34,862,7377,103,13907
7011,341,4818,113,24,822,5707,71,11891
7012,9,315,3,0,72,273,5,671
7015,348,3476,161,21,715,4031,36,8784
7016,53,658,6,5,114,1475,3,2312
7017,68,2333,22,11,436,1661,22,4555
7018,760,6861,289,48,1341,8147,80,17520
7019,151,1776,39,17,298,2330,27,4631
7020,28,1057,15,6,215,631,6,1955
7021,40,896,24,6,201,732,12,1914
7022,13,298,7,8,62,347,3,746
7023,5,89,3,0,38,160,3,295
7024,0,215,4,0,35,159,0,414
7025,8,597,38,0,160,595,10,1415
7026,8,326,18,3,84,311,4,755
7027,0,73,4,0,28,147,4,256
7030,187,5354,130,29,989,6580,90,13355
7050,355,3993,169,28,927,4484,37,9992
7052,221,2534,62,16,534,2400,21,5786
7053,112,1051,90,5,321,1295,13,2884
7054,138,3107,103,27,758,2515,39,6692
7055,12,163,5,0,39,110,0,324
7109,70,2801,93,21,681,3417,56,7139
7112,16,742,50,3,247,1433,13,2511
7113,9,284,22,0,81,526,0,922
7116,11,577,28,3,173,1039,14,1850
7117,3,212,17,6,65,446,5,755
7119,0,10,0,4,8,9,0,36
7120,3,444,39,7,169,847,13,1520
7139,0,0,0,0,0,0,0,0
7140,97,3141,129,29,692,4764,77,8929
7150,40,878,36,11,249,1164,10,2378
7155,12,232,13,7,71,333,3,675
7162,9,181,7,0,61,238,4,504
7163,4,86,3,0,27,147,7,275
7170,90,2073,35,28,434,1334,17,4008
7171,28,1291,13,12,198,1104,16,2654
7172,22,1180,52,3,255,1461,25,3001
7173,58,2263,38,12,466,2492,25,5354
7174,0,45,3,0,27,71,0,150
7175,0,58,0,3,27,67,0,157
7176,0,51,4,0,27,58,0,134
7177,0,114,6,0,38,178,3,343
7178,4,59,3,0,27,170,0,261
7179,0,78,6,0,50,200,0,340
7180,0,20,6,0,21,87,0,138
7182,0,55,11,0,22,147,0,235
7183,0,14,0,0,9,23,0,42
7184,0,173,12,0,55,423,3,672
7185,0,25,0,0,18,44,0,89
7186,0,41,0,0,24,82,0,144
7187,0,19,5,0,20,75,0,121
7190,8,747,83,13,247,1617,23,2731
7209,0,83,23,4,45,179,0,346
7210,0,249,54,10,76,487,9,890
7211,0,61,5,0,16,105,5,195
7212,6,598,32,0,172,796,3,1611
7213,0,54,8,0,28,154,0,248
7214,0,116,14,0,30,356,0,518
7215,6,796,111,20,310,1648,18,2911
7216,6,681,88,17,231,1868,15,2906
7248,213,4322,296,31,837,7324,71,13082
7249,136,4282,348,28,742,4986,48,10573
7250,409,16399,1243,103,3155,17900,159,39362
7252,9,977,37,8,190,1097,13,2329
7253,23,1112,48,12,216,2559,29,3992
7254,0,153,9,0,38,197,3,398
7255,4,267,43,6,93,300,3,713
7256,3,548,55,13,174,538,8,1339
7257,0,14,5,0,0,41,0,63
7258,0,390,12,3,100,270,0,779
7259,0,139,3,0,42,195,0,389
7260,8,927,95,13,216,1372,21,2646
7261,0,48,4,0,32,128,0,217
7262,4,547,25,13,105,723,10,1434
7263,0,132,12,6,67,258,3,475
7264,0,106,21,6,48,367,7,545
7265,0,63,9,0,15,108,4,199
7267,0,304,6,4,66,243,5,622
7268,4,338,12,0,100,394,3,842
7270,17,996,75,12,291,2089,22,3503
7275,11,961,24,7,271,1321,17,2615
7276,0,185,5,0,40,242,0,476
7277,27,2077,42,16,408,2049,15,4643
7290,11,925,18,8,166,678,7,1803
7291,0,210,11,3,51,188,8,466
7292,0,204,23,4,77,182,0,492
7300,11,1347,27,9,241,1153,18,2806
7301,8,1333,81,14,299,1850,17,3595
7302,13,510,57,5,133,610,4,1326
7303,9,802,45,5,224,1154,15,2265
7304,13,1534,149,28,533,2635,34,4924
7305,3,314,11,6,74,553,11,971
7306,7,1107,99,12,346,1720,28,3327
7307,31,3235,135,42,713,4236,56,8449
7310,111,8416,452,77,1595,11445,99,22197
7315,47,4541,190,34,996,6316,72,12201
7316,31,1952,70,19,460,2280,29,4838
7320,112,5039,279,37,928,6843,49,13279
7321,25,1487,64,17,400,1825,25,3844
7322,27,1226,40,6,219,1667,24,3216
7325,28,2536,104,26,616,3747,49,7108
7330,16,2250,163,33,495,2172,53,5185
7331,0,171,22,4,72,205,3,477
7466,0,5,0,0,0,13,0,13
7467,8,419,55,0,105,860,19,1463
7468,5,190,38,12,78,257,7,580
7469,0,195,22,4,33,353,9,616
7470,0,199,24,0,37,300,3,564
800,551,2038,1004,56,361,1889,37,5931
810,1182,12762,1090,178,1747,9392,202,26551
812,530,7531,305,57,927,5319,149,14808
815,17,41,16,6,43,167,0,288
820,872,8160,933,109,1031,5182,100,16393
822,411,3039,1831,94,614,12665,231,18893
828,14,305,71,10,64,487,9,959
829,13,297,257,11,105,1087,14,1791
830,650,6945,234,81,837,4839,108,13694
832,737,6641,176,69,763,2935,53,11374
834,33,794,20,5,122,486,17,1479
835,747,1404,39,35,245,2051,37,4557
836,217,3247,76,35,470,1894,53,5991
837,4,109,15,3,37,159,4,333
838,14,306,19,0,69,220,3,624
839,33,217,11,0,19,166,3,452
840,0,76,4,0,12,225,10,329
841,20,222,4,3,39,240,6,539
845,3,105,44,7,19,223,4,401
846,0,69,24,4,13,168,0,282
847,0,58,28,9,18,140,3,261
850,34,2606,316,37,375,2911,34,6317
852,51,751,753,84,218,4019,75,5950
853,4,337,91,7,46,149,0,626
854,3,165,71,4,17,345,20,619
860,14,740,248,9,120,1191,24,2352
862,3,65,120,19,47,265,8,530
870,364,7515,1185,83,1012,5306,105,15577
873,16,694,95,11,121,1056,19,2001
874,47,195,23,4,31,127,0,423
875,28,912,43,13,111,619,10,1738
880,96,1273,336,13,194,1809,31,3757
885,41,301,71,11,64,137,9,633
886,20,342,90,6,73,283,9,823
2600,217,2338,499,32,564,2517,17,6191
2601,270,778,1003,15,593,3583,5,6253
2602,1472,9551,2370,85,2104,9664,97,25346
2603,294,3267,582,27,618,3057,31,7873
2604,466,3940,750,32,649,3138,31,8997
2605,411,3643,470,31,783,4045,36,9416
2606,507,3100,678,24,565,3047,44,7962
2607,513,4988,249,26,883,4524,36,11224
2609,21,260,24,9,55,423,9,797
2612,781,4009,3482,200,1036,5257,41,14806
2614,843,6370,576,46,1242,6610,46,15736
2615,1397,17338,410,88,2717,12522,136,34606
2617,1745,11598,1240,59,2143,10810,96,27689
2900,111,606,206,7,108,658,9,1706
2902,390,5557,175,32,998,4737,45,11932
2903,334,3520,144,13,588,2771,37,7413
2904,333,5234,138,34,921,3885,39,10584
2905,732,12580,256,51,1858,7259,98,22837
2906,460,7923,102,28,1164,4251,71,14009
2911,143,2061,54,11,300,801,9,3377
2912,389,2384,160,13,357,1612,22,4935
2913,1431,15072,381,74,2257,8082,102,27401
2914,1072,10537,233,70,1463,4590,74,18045
2899,3,776,56,7,113,474,18,1448
6798,56,633,34,8,81,710,3,1528
6799,88,75,28,4,23,205,8,425
872,88,1274,1711,53,292,8311,123,11843
2406,0,249,35,7,43,265,12,613
2540,179,12659,557,134,2734,21380,227,37877
2611,772,10521,443,51,1942,8478,72,22285
2618,11,537,21,8,179,419,7,1181
2620,407,16429,648,99,2432,11890,202,32104
3644,19,2681,193,23,633,3970,52,7569
3691,34,3572,457,39,846,2629,65,7650
3707,5,453,78,7,191,811,10,1545
4375,0,47,11,0,22,93,0,178
4377,0,142,16,5,59,232,3,454
4380,13,2201,152,21,566,3539,33,6522
4383,0,118,8,0,22,358,0,507
4385,6,305,34,15,110,551,6,1023
4825,123,7392,645,57,934,5343,114,14594
Total,1248935,7263670,476703,72805,1505342,8322987,103768,18994209
,,,,,,,,
,,,,,,,,
,,,,,,,,
